<?xml version='1.0' encoding='windows-1252' ?>
<!DOCTYPE Association SYSTEM "jbo_03_01.dtd">

<Association
   Name="ConCotFkAssoc" >
   <DesignTime>
      <Attr Name="_isCodegen" Value="true" />
      <Attr Name="_version" Value="9.0.5.16.0" />
   </DesignTime>
   <AssociationEnd
      Name="Contexts"
      Cardinality="1"
      Source="true"
      Owner="gov.nih.nci.ncicb.cadsr.persistence.bc4j.Contexts" >
      <AttrArray Name="Attributes">
         <Item Value="gov.nih.nci.ncicb.cadsr.persistence.bc4j.Contexts.ConteIdseq" />
      </AttrArray>
      <DesignTime>
         <Attr Name="_minCardinality" Value="1" />
         <Attr Name="_aggregation" Value="0" />
         <Attr Name="_isUpdateable" Value="true" />
         <Attr Name="_finderName" Value="Contexts" />
         <Attr Name="_foreignKey" Value="gov.nih.nci.ncicb.cadsr.persistence.bc4j.Contexts.ContePk" />
      </DesignTime>
   </AssociationEnd>
   <AssociationEnd
      Name="ConceptsExt"
      Cardinality="-1"
      Owner="gov.nih.nci.ncicb.cadsr.persistence.bc4j.ConceptsExt" >
      <AttrArray Name="Attributes">
         <Item Value="gov.nih.nci.ncicb.cadsr.persistence.bc4j.ConceptsExt.ConteIdseq" />
      </AttrArray>
      <DesignTime>
         <Attr Name="_aggregation" Value="0" />
         <Attr Name="_isUpdateable" Value="true" />
         <Attr Name="_finderName" Value="ConceptsExt" />
         <Attr Name="_foreignKey" Value="gov.nih.nci.ncicb.cadsr.persistence.bc4j.ConceptsExt.ConCotFk" />
      </DesignTime>
   </AssociationEnd>
</Association>
