<?xml version='1.0' encoding='windows-1252' ?>
<!DOCTYPE Entity SYSTEM "jbo_03_01.dtd">

<Entity
   Name="Contexts"
   DBObjectType="table"
   DBObjectName="CONTEXTS"
   AliasName="Contexts"
   BindingStyle="Oracle"
   UseGlueCode="false"
   RowClass="gov.nih.nci.ncicb.cadsr.persistence.bc4j.ContextsImpl" >
   <DesignTime>
      <Attr Name="_isCodegen" Value="true" />
      <Attr Name="_version" Value="9.0.5.16.0" />
      <Attr Name="_codeGenFlag2" Value="Access" />
      <AttrArray Name="_publishEvents">
      </AttrArray>
   </DesignTime>
   <Attribute
      Name="ConteIdseq"
      IsNotNull="true"
      Precision="36"
      ColumnName="CONTE_IDSEQ"
      Type="java.lang.String"
      ColumnType="CHAR"
      SQLType="VARCHAR"
      TableName="CONTEXTS"
      PrimaryKey="true"
      RetrievedOnUpdate="true"
      RetrievedOnInsert="true" >
      <DesignTime>
         <Attr Name="_DisplaySize" Value="36" />
      </DesignTime>
   </Attribute>
   <Attribute
      Name="Name"
      IsUnique="true"
      IsNotNull="true"
      Precision="30"
      ColumnName="NAME"
      Type="java.lang.String"
      ColumnType="VARCHAR2"
      SQLType="VARCHAR"
      TableName="CONTEXTS" >
      <DesignTime>
         <Attr Name="_DisplaySize" Value="30" />
      </DesignTime>
   </Attribute>
   <Attribute
      Name="LlName"
      IsNotNull="true"
      Precision="20"
      ColumnName="LL_NAME"
      Type="java.lang.String"
      ColumnType="VARCHAR2"
      SQLType="VARCHAR"
      TableName="CONTEXTS" >
      <DesignTime>
         <Attr Name="_DisplaySize" Value="20" />
      </DesignTime>
   </Attribute>
   <Attribute
      Name="PalName"
      IsNotNull="true"
      Precision="20"
      ColumnName="PAL_NAME"
      Type="java.lang.String"
      ColumnType="VARCHAR2"
      SQLType="VARCHAR"
      TableName="CONTEXTS" >
      <DesignTime>
         <Attr Name="_DisplaySize" Value="20" />
      </DesignTime>
   </Attribute>
   <Attribute
      Name="Description"
      Precision="2000"
      ColumnName="DESCRIPTION"
      Type="java.lang.String"
      ColumnType="VARCHAR2"
      SQLType="VARCHAR"
      TableName="CONTEXTS" >
      <DesignTime>
         <Attr Name="_DisplaySize" Value="2000" />
      </DesignTime>
   </Attribute>
   <Attribute
      Name="Language"
      IsNotNull="true"
      Precision="30"
      ColumnName="LANGUAGE"
      Type="java.lang.String"
      ColumnType="VARCHAR2"
      SQLType="VARCHAR"
      TableName="CONTEXTS" >
      <DesignTime>
         <Attr Name="_DisplaySize" Value="30" />
      </DesignTime>
   </Attribute>
   <Attribute
      Name="Version"
      IsUnique="true"
      IsNotNull="true"
      Precision="4"
      Scale="2"
      ColumnName="VERSION"
      Type="oracle.jbo.domain.Number"
      ColumnType="NUMBER"
      SQLType="NUMERIC"
      TableName="CONTEXTS" >
   </Attribute>
   <Attribute
      Name="CreatedBy"
      IsNotNull="true"
      Precision="30"
      ColumnName="CREATED_BY"
      Type="java.lang.String"
      ColumnType="VARCHAR2"
      SQLType="VARCHAR"
      TableName="CONTEXTS" >
      <DesignTime>
         <Attr Name="_DisplaySize" Value="30" />
      </DesignTime>
   </Attribute>
   <Attribute
      Name="DateCreated"
      IsNotNull="true"
      ColumnName="DATE_CREATED"
      Type="oracle.jbo.domain.Date"
      ColumnType="DATE"
      SQLType="DATE"
      TableName="CONTEXTS" >
   </Attribute>
   <Attribute
      Name="ModifiedBy"
      Precision="30"
      ColumnName="MODIFIED_BY"
      Type="java.lang.String"
      ColumnType="VARCHAR2"
      SQLType="VARCHAR"
      TableName="CONTEXTS" >
      <DesignTime>
         <Attr Name="_DisplaySize" Value="30" />
      </DesignTime>
   </Attribute>
   <Attribute
      Name="DateModified"
      ColumnName="DATE_MODIFIED"
      Type="oracle.jbo.domain.Date"
      ColumnType="DATE"
      SQLType="DATE"
      TableName="CONTEXTS" >
   </Attribute>
   <AccessorAttribute
      Name="DataElements"
      Association="gov.nih.nci.ncicb.cadsr.persistence.bc4j.DeConteFkAssoc"
      AssociationEnd="gov.nih.nci.ncicb.cadsr.persistence.bc4j.DeConteFkAssoc.DataElements"
      AssociationOtherEnd="gov.nih.nci.ncicb.cadsr.persistence.bc4j.DeConteFkAssoc.Contexts"
      Type="oracle.jbo.RowIterator"
      IsUpdateable="false" >
   </AccessorAttribute>
   <AccessorAttribute
      Name="DataElementConcepts"
      Association="gov.nih.nci.ncicb.cadsr.persistence.bc4j.DecConteFkAssoc"
      AssociationEnd="gov.nih.nci.ncicb.cadsr.persistence.bc4j.DecConteFkAssoc.DataElementConcepts"
      AssociationOtherEnd="gov.nih.nci.ncicb.cadsr.persistence.bc4j.DecConteFkAssoc.Contexts"
      Type="oracle.jbo.RowIterator"
      IsUpdateable="false" >
   </AccessorAttribute>
   <AccessorAttribute
      Name="ValueDomains"
      Association="gov.nih.nci.ncicb.cadsr.persistence.bc4j.VdConteFkAssoc"
      AssociationEnd="gov.nih.nci.ncicb.cadsr.persistence.bc4j.VdConteFkAssoc.ValueDomains"
      AssociationOtherEnd="gov.nih.nci.ncicb.cadsr.persistence.bc4j.VdConteFkAssoc.Contexts"
      Type="oracle.jbo.RowIterator"
      IsUpdateable="false" >
   </AccessorAttribute>
   <AccessorAttribute
      Name="VdPvs"
      Association="gov.nih.nci.ncicb.cadsr.persistence.bc4j.VpConteFkAssoc"
      AssociationEnd="gov.nih.nci.ncicb.cadsr.persistence.bc4j.VpConteFkAssoc.VdPvs"
      AssociationOtherEnd="gov.nih.nci.ncicb.cadsr.persistence.bc4j.VpConteFkAssoc.Contexts"
      Type="oracle.jbo.RowIterator"
      IsUpdateable="false" >
   </AccessorAttribute>
   <AccessorAttribute
      Name="AdministeredComponents"
      Association="gov.nih.nci.ncicb.cadsr.persistence.bc4j.AcConteFkAssoc"
      AssociationEnd="gov.nih.nci.ncicb.cadsr.persistence.bc4j.AcConteFkAssoc.AdministeredComponents"
      AssociationOtherEnd="gov.nih.nci.ncicb.cadsr.persistence.bc4j.AcConteFkAssoc.Contexts"
      Type="oracle.jbo.RowIterator"
      IsUpdateable="false" >
   </AccessorAttribute>
   <AccessorAttribute
      Name="ClassificationSchemes"
      Association="gov.nih.nci.ncicb.cadsr.persistence.bc4j.CsConteFkAssoc"
      AssociationEnd="gov.nih.nci.ncicb.cadsr.persistence.bc4j.CsConteFkAssoc.ClassificationSchemes"
      AssociationOtherEnd="gov.nih.nci.ncicb.cadsr.persistence.bc4j.CsConteFkAssoc.Contexts"
      Type="oracle.jbo.RowIterator"
      IsUpdateable="false" >
   </AccessorAttribute>
   <AccessorAttribute
      Name="QuestContentsExt"
      Association="gov.nih.nci.ncicb.cadsr.persistence.bc4j.QcCotFkAssoc"
      AssociationEnd="gov.nih.nci.ncicb.cadsr.persistence.bc4j.QcCotFkAssoc.QuestContentsExt"
      AssociationOtherEnd="gov.nih.nci.ncicb.cadsr.persistence.bc4j.QcCotFkAssoc.Contexts"
      Type="oracle.jbo.RowIterator"
      IsUpdateable="false" >
   </AccessorAttribute>
   <AccessorAttribute
      Name="ObjectClassesExt"
      Association="gov.nih.nci.ncicb.cadsr.persistence.bc4j.OctCotFkAssoc"
      AssociationEnd="gov.nih.nci.ncicb.cadsr.persistence.bc4j.OctCotFkAssoc.ObjectClassesExt"
      AssociationOtherEnd="gov.nih.nci.ncicb.cadsr.persistence.bc4j.OctCotFkAssoc.Contexts"
      Type="oracle.jbo.RowIterator"
      IsUpdateable="false" >
   </AccessorAttribute>
   <AccessorAttribute
      Name="PropertiesExt"
      Association="gov.nih.nci.ncicb.cadsr.persistence.bc4j.PropCotFkAssoc"
      AssociationEnd="gov.nih.nci.ncicb.cadsr.persistence.bc4j.PropCotFkAssoc.PropertiesExt"
      AssociationOtherEnd="gov.nih.nci.ncicb.cadsr.persistence.bc4j.PropCotFkAssoc.Contexts"
      Type="oracle.jbo.RowIterator"
      IsUpdateable="false" >
   </AccessorAttribute>
   <AccessorAttribute
      Name="ConceptualDomains"
      Association="gov.nih.nci.ncicb.cadsr.persistence.bc4j.CdConteFkAssoc"
      AssociationEnd="gov.nih.nci.ncicb.cadsr.persistence.bc4j.CdConteFkAssoc.ConceptualDomains"
      AssociationOtherEnd="gov.nih.nci.ncicb.cadsr.persistence.bc4j.CdConteFkAssoc.Contexts"
      Type="oracle.jbo.RowIterator"
      IsUpdateable="false" >
   </AccessorAttribute>
   <AccessorAttribute
      Name="Designations"
      Association="gov.nih.nci.ncicb.cadsr.persistence.bc4j.DesigConteFkAssoc"
      AssociationEnd="gov.nih.nci.ncicb.cadsr.persistence.bc4j.DesigConteFkAssoc.Designations"
      AssociationOtherEnd="gov.nih.nci.ncicb.cadsr.persistence.bc4j.DesigConteFkAssoc.Contexts"
      Type="oracle.jbo.RowIterator"
      IsUpdateable="false" >
   </AccessorAttribute>
   <AccessorAttribute
      Name="Protocol"
      Association="gov.nih.nci.ncicb.cadsr.persistence.bc4j.ProtoCotFkAssoc"
      AssociationEnd="gov.nih.nci.ncicb.cadsr.persistence.bc4j.ProtoCotFkAssoc.Protocol"
      AssociationOtherEnd="gov.nih.nci.ncicb.cadsr.persistence.bc4j.ProtoCotFkAssoc.Contexts"
      Type="oracle.jbo.RowIterator"
      IsUpdateable="false" >
   </AccessorAttribute>
   <AccessorAttribute
      Name="Representation"
      Association="gov.nih.nci.ncicb.cadsr.persistence.bc4j.RepCotFkAssoc"
      AssociationEnd="gov.nih.nci.ncicb.cadsr.persistence.bc4j.RepCotFkAssoc.Representation"
      AssociationOtherEnd="gov.nih.nci.ncicb.cadsr.persistence.bc4j.RepCotFkAssoc.Contexts"
      Type="oracle.jbo.RowIterator"
      IsUpdateable="false" >
   </AccessorAttribute>
   <AccessorAttribute
      Name="ConceptsExt"
      Association="gov.nih.nci.ncicb.cadsr.persistence.bc4j.ConCotFkAssoc"
      AssociationEnd="gov.nih.nci.ncicb.cadsr.persistence.bc4j.ConCotFkAssoc.ConceptsExt"
      AssociationOtherEnd="gov.nih.nci.ncicb.cadsr.persistence.bc4j.ConCotFkAssoc.Contexts"
      Type="oracle.jbo.RowIterator"
      IsUpdateable="false" >
   </AccessorAttribute>
   <AccessorAttribute
      Name="ReferenceDocuments"
      Association="RdConteFkAssoc"
      AssociationEnd="RdConteFkAssoc.ReferenceDocuments"
      AssociationOtherEnd="RdConteFkAssoc.Contexts"
      Type="oracle.jbo.RowIterator"
      IsUpdateable="false" >
   </AccessorAttribute>
   <Key
      Name="ContePk" >
      <AttrArray Name="Attributes">
         <Item Value="gov.nih.nci.ncicb.cadsr.persistence.bc4j.Contexts.ConteIdseq" />
      </AttrArray>
      <DesignTime>
         <Attr Name="_DBObjectName" Value="CONTE_PK" />
         <Attr Name="_isPrimary" Value="true" />
      </DesignTime>
   </Key>
   <Key
      Name="ConteUk" >
      <AttrArray Name="Attributes">
         <Item Value="gov.nih.nci.ncicb.cadsr.persistence.bc4j.Contexts.Name" />
         <Item Value="gov.nih.nci.ncicb.cadsr.persistence.bc4j.Contexts.Version" />
      </AttrArray>
      <DesignTime>
         <Attr Name="_DBObjectName" Value="CONTE_UK" />
         <Attr Name="_isUnique" Value="true" />
      </DesignTime>
   </Key>
   <Key
      Name="SysC0061391" >
      <AttrArray Name="Attributes">
         <Item Value="gov.nih.nci.ncicb.cadsr.persistence.bc4j.Contexts.ConteIdseq" />
      </AttrArray>
      <DesignTime>
         <Attr Name="_DBObjectName" Value="SYS_C0061391" />
         <Attr Name="_checkCondition" Value="&#34;CONTE_IDSEQ&#34; IS NOT NULL" />
         <Attr Name="_isCheck" Value="true" />
      </DesignTime>
   </Key>
   <Key
      Name="SysC0061392" >
      <AttrArray Name="Attributes">
         <Item Value="gov.nih.nci.ncicb.cadsr.persistence.bc4j.Contexts.Name" />
      </AttrArray>
      <DesignTime>
         <Attr Name="_DBObjectName" Value="SYS_C0061392" />
         <Attr Name="_checkCondition" Value="&#34;NAME&#34; IS NOT NULL" />
         <Attr Name="_isCheck" Value="true" />
      </DesignTime>
   </Key>
   <Key
      Name="SysC0061393" >
      <AttrArray Name="Attributes">
         <Item Value="gov.nih.nci.ncicb.cadsr.persistence.bc4j.Contexts.LlName" />
      </AttrArray>
      <DesignTime>
         <Attr Name="_DBObjectName" Value="SYS_C0061393" />
         <Attr Name="_checkCondition" Value="&#34;LL_NAME&#34; IS NOT NULL" />
         <Attr Name="_isCheck" Value="true" />
      </DesignTime>
   </Key>
   <Key
      Name="SysC0061394" >
      <AttrArray Name="Attributes">
         <Item Value="gov.nih.nci.ncicb.cadsr.persistence.bc4j.Contexts.PalName" />
      </AttrArray>
      <DesignTime>
         <Attr Name="_DBObjectName" Value="SYS_C0061394" />
         <Attr Name="_checkCondition" Value="&#34;PAL_NAME&#34; IS NOT NULL" />
         <Attr Name="_isCheck" Value="true" />
      </DesignTime>
   </Key>
   <Key
      Name="SysC0061395" >
      <AttrArray Name="Attributes">
         <Item Value="gov.nih.nci.ncicb.cadsr.persistence.bc4j.Contexts.Language" />
      </AttrArray>
      <DesignTime>
         <Attr Name="_DBObjectName" Value="SYS_C0061395" />
         <Attr Name="_checkCondition" Value="&#34;LANGUAGE&#34; IS NOT NULL" />
         <Attr Name="_isCheck" Value="true" />
      </DesignTime>
   </Key>
   <Key
      Name="SysC0061396" >
      <AttrArray Name="Attributes">
         <Item Value="gov.nih.nci.ncicb.cadsr.persistence.bc4j.Contexts.Version" />
      </AttrArray>
      <DesignTime>
         <Attr Name="_DBObjectName" Value="SYS_C0061396" />
         <Attr Name="_checkCondition" Value="&#34;VERSION&#34; IS NOT NULL" />
         <Attr Name="_isCheck" Value="true" />
      </DesignTime>
   </Key>
   <Key
      Name="SysC0061397" >
      <AttrArray Name="Attributes">
         <Item Value="gov.nih.nci.ncicb.cadsr.persistence.bc4j.Contexts.CreatedBy" />
      </AttrArray>
      <DesignTime>
         <Attr Name="_DBObjectName" Value="SYS_C0061397" />
         <Attr Name="_checkCondition" Value="&#34;CREATED_BY&#34; IS NOT NULL" />
         <Attr Name="_isCheck" Value="true" />
      </DesignTime>
   </Key>
   <Key
      Name="SysC0061398" >
      <AttrArray Name="Attributes">
         <Item Value="gov.nih.nci.ncicb.cadsr.persistence.bc4j.Contexts.DateCreated" />
      </AttrArray>
      <DesignTime>
         <Attr Name="_DBObjectName" Value="SYS_C0061398" />
         <Attr Name="_checkCondition" Value="&#34;DATE_CREATED&#34; IS NOT NULL" />
         <Attr Name="_isCheck" Value="true" />
      </DesignTime>
   </Key>
   <Key
      Name="ConteLlFk" >
      <AttrArray Name="Attributes">
         <Item Value="gov.nih.nci.ncicb.cadsr.persistence.bc4j.Contexts.LlName" />
      </AttrArray>
      <DesignTime>
         <Attr Name="_DBObjectName" Value="CONTE_LL_FK" />
         <Attr Name="_referencedKey" Value="LL_PK" />
         <Attr Name="_isForeign" Value="true" />
      </DesignTime>
   </Key>
   <Key
      Name="ContePalFk" >
      <AttrArray Name="Attributes">
         <Item Value="gov.nih.nci.ncicb.cadsr.persistence.bc4j.Contexts.PalName" />
      </AttrArray>
      <DesignTime>
         <Attr Name="_DBObjectName" Value="CONTE_PAL_FK" />
         <Attr Name="_referencedKey" Value="PAL_PK" />
         <Attr Name="_isForeign" Value="true" />
      </DesignTime>
   </Key>
</Entity>
