<?xml version='1.0' encoding='windows-1252' ?>
<!DOCTYPE Association SYSTEM "jbo_03_01.dtd">

<Association
   Name="DecCdFkAssoc" >
   <DesignTime>
      <Attr Name="_isCodegen" Value="true" />
      <Attr Name="_version" Value="9.0.5.16.0" />
   </DesignTime>
   <AssociationEnd
      Name="ConceptualDomains"
      Cardinality="0"
      Source="true"
      Owner="gov.nih.nci.ncicb.cadsr.persistence.bc4j.ConceptualDomains" >
      <AttrArray Name="Attributes">
         <Item Value="gov.nih.nci.ncicb.cadsr.persistence.bc4j.ConceptualDomains.CdIdseq" />
      </AttrArray>
      <DesignTime>
         <Attr Name="_aggregation" Value="0" />
         <Attr Name="_isUpdateable" Value="true" />
         <Attr Name="_finderName" Value="ConceptualDomains" />
         <Attr Name="_foreignKey" Value="gov.nih.nci.ncicb.cadsr.persistence.bc4j.ConceptualDomains.CdPk" />
      </DesignTime>
   </AssociationEnd>
   <AssociationEnd
      Name="DataElementConcepts"
      Cardinality="-1"
      Owner="gov.nih.nci.ncicb.cadsr.persistence.bc4j.DataElementConcepts" >
      <AttrArray Name="Attributes">
         <Item Value="gov.nih.nci.ncicb.cadsr.persistence.bc4j.DataElementConcepts.CdIdseq" />
      </AttrArray>
      <DesignTime>
         <Attr Name="_aggregation" Value="0" />
         <Attr Name="_isUpdateable" Value="true" />
         <Attr Name="_finderName" Value="DataElementConcepts" />
         <Attr Name="_foreignKey" Value="gov.nih.nci.ncicb.cadsr.persistence.bc4j.DataElementConcepts.DecCdFk" />
      </DesignTime>
   </AssociationEnd>
</Association>
