<?xml version='1.0' encoding='windows-1252' ?>
<!DOCTYPE ViewObject SYSTEM "jbo_03_01.dtd">

<ViewObject
   Name="DeCdeIdView"
   SelectList="DeCdeId.AC_IDSEQ, 
       DeCdeId.MIN_CDE_ID"
   FromList="SBREXT.DE_CDE_ID_VIEW DeCdeId"
   BindingStyle="Oracle"
   CustomQuery="false"
   RowClass="gov.nih.nci.ncicb.cadsr.persistence.bc4j.DeCdeIdViewRowImpl"
   ComponentClass="gov.nih.nci.ncicb.cadsr.persistence.bc4j.DeCdeIdViewImpl"
   MsgBundleClass="oracle.jbo.common.JboResourceBundle"
   UseGlueCode="false" >
   <DesignTime>
      <Attr Name="_isCodegen" Value="true" />
      <Attr Name="_version" Value="9.0.5.16.0" />
      <Attr Name="_codeGenFlag2" Value="Access|Coll" />
      <Attr Name="_isExpertMode" Value="false" />
   </DesignTime>
   <EntityUsage
      Name="DeCdeId"
      Entity="gov.nih.nci.ncicb.cadsr.persistence.bc4j.DeCdeId" >
      <DesignTime>
         <Attr Name="_EntireObjectTable" Value="false" />
         <Attr Name="_queryClause" Value="false" />
      </DesignTime>
   </EntityUsage>
   <ViewAttribute
      Name="AcIdseq"
      IsNotNull="true"
      PrecisionRule="false"
      EntityAttrName="AcIdseq"
      EntityUsage="DeCdeId"
      AliasName="AC_IDSEQ" >
   </ViewAttribute>
   <ViewAttribute
      Name="MinCdeId"
      PrecisionRule="false"
      EntityAttrName="MinCdeId"
      EntityUsage="DeCdeId"
      AliasName="MIN_CDE_ID" >
   </ViewAttribute>
</ViewObject>
