<?xml version='1.0' encoding='windows-1252' ?>
<!DOCTYPE ViewLink SYSTEM "jbo_03_01.dtd">

<ViewLink
   Name="DecProFKLink"
   EntityAssociation="gov.nih.nci.ncicb.cadsr.persistence.bc4j.DecProFkAssoc" >
   <DesignTime>
      <Attr Name="_isCodegen" Value="true" />
      <Attr Name="_version" Value="9.0.5.16.0" />
   </DesignTime>
   <ViewLinkDefEnd
      Name="PropertiesExtRow"
      Cardinality="0"
      Owner="gov.nih.nci.ncicb.cadsr.persistence.bc4j.PropertiesExtView"
      Source="true" >
      <AttrArray Name="Attributes">
         <Item Value="gov.nih.nci.ncicb.cadsr.persistence.bc4j.PropertiesExtView.PropIdseq" />
      </AttrArray>
      <DesignTime>
         <Attr Name="_isUpdateable" Value="true" />
         <Attr Name="_finderName" Value="PropertiesExtRow" />
         <Attr Name="_accessor" Value="true" />
      </DesignTime>
   </ViewLinkDefEnd>
   <ViewLinkDefEnd
      Name="DataElementConceptRows"
      Cardinality="-1"
      Owner="gov.nih.nci.ncicb.cadsr.persistence.bc4j.DataElementConceptsView" >
      <AttrArray Name="Attributes">
         <Item Value="gov.nih.nci.ncicb.cadsr.persistence.bc4j.DataElementConceptsView.PropIdseq" />
      </AttrArray>
      <DesignTime>
         <Attr Name="_isUpdateable" Value="true" />
         <Attr Name="_finderName" Value="DataElementConceptRows" />
         <Attr Name="_accessor" Value="true" />
      </DesignTime>
   </ViewLinkDefEnd>
</ViewLink>
