<?xml version='1.0' encoding='windows-1252' ?>
<!DOCTYPE ViewObject SYSTEM "jbo_03_01.dtd">

<ViewObject
   Name="FormModuleRelView"
   SelectList="qr.QR_IDSEQ, 
       qr.P_QC_IDSEQ, 
       qr.C_QC_IDSEQ, 
       qr.DISPLAY_ORDER, 
       qr.RL_NAME"
   FromList="QC_RECS_EXT qr"
   Where="RL_NAME = &#39;FORM_MODULE&#39;"
   OrderBy="qr.DISPLAY_ORDER"
   BindingStyle="Oracle"
   CustomQuery="false"
   RowClass="gov.nih.nci.ncicb.cadsr.persistence.bc4j.FormModuleRelViewRowImpl"
   ComponentClass="gov.nih.nci.ncicb.cadsr.persistence.bc4j.FormModuleRelViewImpl"
   MsgBundleClass="oracle.jbo.common.JboResourceBundle"
   FetchMode="FETCH_AS_NEEDED"
   FetchSize="20"
   PageIterMode="Partial"
   UseGlueCode="false" >
   <DesignTime>
      <Attr Name="_isCodegen" Value="true" />
      <Attr Name="_version" Value="9.0.5.16.0" />
      <Attr Name="_codeGenFlag2" Value="Access|Coll" />
      <Attr Name="_isExpertMode" Value="false" />
   </DesignTime>
   <EntityUsage
      Name="qr"
      Entity="gov.nih.nci.ncicb.cadsr.persistence.bc4j.QcRecsExt" >
      <DesignTime>
         <Attr Name="_EntireObjectTable" Value="false" />
         <Attr Name="_queryClause" Value="true" />
         <Attr Name="_queryWhere" Value="RL_NAME = &#39;FORM_MODULE&#39;" />
         <Attr Name="_queryOrderBy" Value="qr.DISPLAY_ORDER" />
      </DesignTime>
   </EntityUsage>
   <ViewAttribute
      Name="QrIdseq"
      IsUpdateable="false"
      IsNotNull="true"
      PrecisionRule="false"
      EntityAttrName="QrIdseq"
      EntityUsage="qr"
      AliasName="QR_IDSEQ" >
   </ViewAttribute>
   <ViewAttribute
      Name="PQcIdseq"
      IsNotNull="true"
      PrecisionRule="false"
      EntityAttrName="PQcIdseq"
      EntityUsage="qr"
      AliasName="P_QC_IDSEQ" >
   </ViewAttribute>
   <ViewAttribute
      Name="CQcIdseq"
      IsNotNull="true"
      PrecisionRule="false"
      EntityAttrName="CQcIdseq"
      EntityUsage="qr"
      AliasName="C_QC_IDSEQ" >
   </ViewAttribute>
   <ViewAttribute
      Name="DisplayOrder"
      IsNotNull="true"
      PrecisionRule="false"
      EntityAttrName="DisplayOrder"
      EntityUsage="qr"
      AliasName="DISPLAY_ORDER" >
   </ViewAttribute>
   <ViewAttribute
      Name="RlName"
      IsNotNull="true"
      PrecisionRule="false"
      EntityAttrName="RlName"
      EntityUsage="qr"
      AliasName="RL_NAME" >
   </ViewAttribute>
   <ViewLinkAccessor
      Name="Form"
      ViewLink="gov.nih.nci.ncicb.cadsr.persistence.bc4j.ModuleFormRelLink"
      Type="oracle.jbo.Row"
      Reversed="true"
      IsUpdateable="false" >
   </ViewLinkAccessor>
</ViewObject>
