<?xml version='1.0' encoding='windows-1252' ?>
<!DOCTYPE ViewLink SYSTEM "jbo_03_01.dtd">

<ViewLink
   Name="ModuleQuestionRecLink" >
   <DesignTime>
      <Attr Name="_isCodegen" Value="true" />
      <Attr Name="_version" Value="9.0.5.16.0" />
   </DesignTime>
   <ViewLinkDefEnd
      Name="Module"
      Cardinality="1"
      Owner="gov.nih.nci.ncicb.cadsr.persistence.bc4j.ModulesView"
      Source="true" >
      <AttrArray Name="Attributes">
         <Item Value="gov.nih.nci.ncicb.cadsr.persistence.bc4j.ModulesView.QcIdseq" />
      </AttrArray>
      <DesignTime>
         <Attr Name="_minCardinality" Value="1" />
         <Attr Name="_isUpdateable" Value="true" />
         <Attr Name="_finderName" Value="Module" />
         <Attr Name="_accessor" Value="true" />
      </DesignTime>
   </ViewLinkDefEnd>
   <ViewLinkDefEnd
      Name="ModuleQuestionRecs"
      Cardinality="-1"
      Owner="gov.nih.nci.ncicb.cadsr.persistence.bc4j.ModuleQuestionRecsView" >
      <AttrArray Name="Attributes">
         <Item Value="gov.nih.nci.ncicb.cadsr.persistence.bc4j.ModuleQuestionRecsView.PQcIdseq" />
      </AttrArray>
      <DesignTime>
         <Attr Name="_isUpdateable" Value="true" />
         <Attr Name="_finderName" Value="ModuleQuestionRecs" />
         <Attr Name="_accessor" Value="true" />
      </DesignTime>
   </ViewLinkDefEnd>
</ViewLink>
