<?xml version='1.0' encoding='windows-1252' ?>
<!DOCTYPE Entity SYSTEM "jbo_03_01.dtd">

<Entity
   Name="Protocol"
   DBObjectType="table"
   DBObjectName="SBREXT.PROTOCOLS_EXT"
   AliasName="Protocol"
   BindingStyle="Oracle"
   UseGlueCode="false"
   RowClass="gov.nih.nci.ncicb.cadsr.persistence.bc4j.ProtocolImpl" >
   <DesignTime>
      <Attr Name="_isCodegen" Value="true" />
      <Attr Name="_version" Value="9.0.5.16.0" />
      <Attr Name="_codeGenFlag2" Value="Access" />
      <AttrArray Name="_publishEvents">
      </AttrArray>
   </DesignTime>
   <Attribute
      Name="ProtoIdseq"
      IsNotNull="true"
      Precision="36"
      ColumnName="PROTO_IDSEQ"
      Type="java.lang.String"
      ColumnType="CHAR"
      SQLType="VARCHAR"
      TableName="SBREXT.PROTOCOLS_EXT"
      PrimaryKey="true"
      RetrievedOnUpdate="true"
      RetrievedOnInsert="true" >
      <DesignTime>
         <Attr Name="_DisplaySize" Value="36" />
      </DesignTime>
   </Attribute>
   <Attribute
      Name="Version"
      IsUnique="true"
      IsNotNull="true"
      Precision="4"
      Scale="2"
      ColumnName="VERSION"
      Type="oracle.jbo.domain.Number"
      ColumnType="NUMBER"
      SQLType="NUMERIC"
      TableName="SBREXT.PROTOCOLS_EXT" >
   </Attribute>
   <Attribute
      Name="ConteIdseq"
      IsUnique="true"
      IsNotNull="true"
      Precision="36"
      ColumnName="CONTE_IDSEQ"
      Type="java.lang.String"
      ColumnType="CHAR"
      SQLType="VARCHAR"
      TableName="SBREXT.PROTOCOLS_EXT"
      RetrievedOnUpdate="true"
      RetrievedOnInsert="true" >
      <DesignTime>
         <Attr Name="_DisplaySize" Value="36" />
      </DesignTime>
   </Attribute>
   <Attribute
      Name="PreferredName"
      IsUnique="true"
      IsNotNull="true"
      Precision="30"
      ColumnName="PREFERRED_NAME"
      Type="java.lang.String"
      ColumnType="VARCHAR2"
      SQLType="VARCHAR"
      TableName="SBREXT.PROTOCOLS_EXT" >
      <DesignTime>
         <Attr Name="_DisplaySize" Value="30" />
      </DesignTime>
   </Attribute>
   <Attribute
      Name="PreferredDefinition"
      IsNotNull="true"
      Precision="2000"
      ColumnName="PREFERRED_DEFINITION"
      Type="java.lang.String"
      ColumnType="VARCHAR2"
      SQLType="VARCHAR"
      TableName="SBREXT.PROTOCOLS_EXT" >
      <DesignTime>
         <Attr Name="_DisplaySize" Value="2000" />
      </DesignTime>
   </Attribute>
   <Attribute
      Name="AslName"
      IsNotNull="true"
      Precision="20"
      ColumnName="ASL_NAME"
      Type="java.lang.String"
      ColumnType="VARCHAR2"
      SQLType="VARCHAR"
      TableName="SBREXT.PROTOCOLS_EXT" >
      <DesignTime>
         <Attr Name="_DisplaySize" Value="20" />
      </DesignTime>
   </Attribute>
   <Attribute
      Name="LongName"
      Precision="255"
      ColumnName="LONG_NAME"
      Type="java.lang.String"
      ColumnType="VARCHAR2"
      SQLType="VARCHAR"
      TableName="SBREXT.PROTOCOLS_EXT" >
      <DesignTime>
         <Attr Name="_DisplaySize" Value="255" />
      </DesignTime>
   </Attribute>
   <Attribute
      Name="LatestVersionInd"
      Precision="3"
      ColumnName="LATEST_VERSION_IND"
      Type="java.lang.String"
      ColumnType="VARCHAR2"
      SQLType="VARCHAR"
      TableName="SBREXT.PROTOCOLS_EXT" >
      <DesignTime>
         <Attr Name="_DisplaySize" Value="3" />
      </DesignTime>
   </Attribute>
   <Attribute
      Name="DeletedInd"
      Precision="3"
      ColumnName="DELETED_IND"
      Type="java.lang.String"
      ColumnType="VARCHAR2"
      SQLType="VARCHAR"
      TableName="SBREXT.PROTOCOLS_EXT" >
      <DesignTime>
         <Attr Name="_DisplaySize" Value="3" />
      </DesignTime>
   </Attribute>
   <Attribute
      Name="BeginDate"
      ColumnName="BEGIN_DATE"
      Type="oracle.jbo.domain.Date"
      ColumnType="DATE"
      SQLType="DATE"
      TableName="SBREXT.PROTOCOLS_EXT" >
   </Attribute>
   <Attribute
      Name="EndDate"
      ColumnName="END_DATE"
      Type="oracle.jbo.domain.Date"
      ColumnType="DATE"
      SQLType="DATE"
      TableName="SBREXT.PROTOCOLS_EXT" >
   </Attribute>
   <Attribute
      Name="ProtocolId"
      Precision="50"
      ColumnName="PROTOCOL_ID"
      Type="java.lang.String"
      ColumnType="VARCHAR2"
      SQLType="VARCHAR"
      TableName="SBREXT.PROTOCOLS_EXT" >
      <DesignTime>
         <Attr Name="_DisplaySize" Value="50" />
      </DesignTime>
   </Attribute>
   <Attribute
      Name="Type"
      Precision="240"
      ColumnName="TYPE"
      Type="java.lang.String"
      ColumnType="VARCHAR2"
      SQLType="VARCHAR"
      TableName="SBREXT.PROTOCOLS_EXT" >
      <DesignTime>
         <Attr Name="_DisplaySize" Value="240" />
      </DesignTime>
   </Attribute>
   <Attribute
      Name="Phase"
      Precision="3"
      ColumnName="PHASE"
      Type="java.lang.String"
      ColumnType="VARCHAR2"
      SQLType="VARCHAR"
      TableName="SBREXT.PROTOCOLS_EXT" >
      <DesignTime>
         <Attr Name="_DisplaySize" Value="3" />
      </DesignTime>
   </Attribute>
   <Attribute
      Name="LeadOrg"
      Precision="30"
      ColumnName="LEAD_ORG"
      Type="java.lang.String"
      ColumnType="VARCHAR2"
      SQLType="VARCHAR"
      TableName="SBREXT.PROTOCOLS_EXT" >
      <DesignTime>
         <Attr Name="_DisplaySize" Value="30" />
      </DesignTime>
   </Attribute>
   <Attribute
      Name="ChangeType"
      Precision="10"
      ColumnName="CHANGE_TYPE"
      Type="java.lang.String"
      ColumnType="VARCHAR2"
      SQLType="VARCHAR"
      TableName="SBREXT.PROTOCOLS_EXT" >
      <DesignTime>
         <Attr Name="_DisplaySize" Value="10" />
      </DesignTime>
   </Attribute>
   <Attribute
      Name="ChangeNumber"
      ColumnName="CHANGE_NUMBER"
      Type="oracle.jbo.domain.Number"
      ColumnType="NUMBER"
      SQLType="NUMERIC"
      TableName="SBREXT.PROTOCOLS_EXT" >
   </Attribute>
   <Attribute
      Name="ReviewedDate"
      ColumnName="REVIEWED_DATE"
      Type="oracle.jbo.domain.Date"
      ColumnType="DATE"
      SQLType="DATE"
      TableName="SBREXT.PROTOCOLS_EXT" >
   </Attribute>
   <Attribute
      Name="ReviewedBy"
      Precision="30"
      ColumnName="REVIEWED_BY"
      Type="java.lang.String"
      ColumnType="VARCHAR2"
      SQLType="VARCHAR"
      TableName="SBREXT.PROTOCOLS_EXT" >
      <DesignTime>
         <Attr Name="_DisplaySize" Value="30" />
      </DesignTime>
   </Attribute>
   <Attribute
      Name="ApprovedDate"
      ColumnName="APPROVED_DATE"
      Type="oracle.jbo.domain.Date"
      ColumnType="DATE"
      SQLType="DATE"
      TableName="SBREXT.PROTOCOLS_EXT" >
   </Attribute>
   <Attribute
      Name="ApprovedBy"
      Precision="30"
      ColumnName="APPROVED_BY"
      Type="java.lang.String"
      ColumnType="VARCHAR2"
      SQLType="VARCHAR"
      TableName="SBREXT.PROTOCOLS_EXT" >
      <DesignTime>
         <Attr Name="_DisplaySize" Value="30" />
      </DesignTime>
   </Attribute>
   <Attribute
      Name="DateCreated"
      IsNotNull="true"
      ColumnName="DATE_CREATED"
      Type="oracle.jbo.domain.Date"
      ColumnType="DATE"
      SQLType="DATE"
      TableName="SBREXT.PROTOCOLS_EXT" >
   </Attribute>
   <Attribute
      Name="CreatedBy"
      IsNotNull="true"
      Precision="30"
      ColumnName="CREATED_BY"
      Type="java.lang.String"
      ColumnType="VARCHAR2"
      SQLType="VARCHAR"
      TableName="SBREXT.PROTOCOLS_EXT" >
      <DesignTime>
         <Attr Name="_DisplaySize" Value="30" />
      </DesignTime>
   </Attribute>
   <Attribute
      Name="DateModified"
      ColumnName="DATE_MODIFIED"
      Type="oracle.jbo.domain.Date"
      ColumnType="DATE"
      SQLType="DATE"
      TableName="SBREXT.PROTOCOLS_EXT" >
   </Attribute>
   <Attribute
      Name="ModifiedBy"
      Precision="30"
      ColumnName="MODIFIED_BY"
      Type="java.lang.String"
      ColumnType="VARCHAR2"
      SQLType="VARCHAR"
      TableName="SBREXT.PROTOCOLS_EXT" >
      <DesignTime>
         <Attr Name="_DisplaySize" Value="30" />
      </DesignTime>
   </Attribute>
   <Attribute
      Name="ChangeNote"
      Precision="2000"
      ColumnName="CHANGE_NOTE"
      Type="java.lang.String"
      ColumnType="VARCHAR2"
      SQLType="VARCHAR"
      TableName="SBREXT.PROTOCOLS_EXT" >
      <DesignTime>
         <Attr Name="_DisplaySize" Value="2000" />
      </DesignTime>
   </Attribute>
   <Attribute
      Name="Origin"
      Precision="240"
      ColumnName="ORIGIN"
      Type="java.lang.String"
      ColumnType="VARCHAR2"
      SQLType="VARCHAR"
      TableName="SBREXT.PROTOCOLS_EXT" >
      <DesignTime>
         <Attr Name="_DisplaySize" Value="240" />
      </DesignTime>
   </Attribute>
   <Attribute
      Name="ProtoId"
      ColumnName="PROTO_ID"
      Type="oracle.jbo.domain.Number"
      ColumnType="NUMBER"
      SQLType="NUMERIC"
      TableName="SBREXT.PROTOCOLS_EXT" >
      <DesignTime>
         <Attr Name="_DisplaySize" Value="22" />
      </DesignTime>
   </Attribute>
   <AccessorAttribute
      Name="Contexts"
      Association="gov.nih.nci.ncicb.cadsr.persistence.bc4j.ProtoCotFkAssoc"
      AssociationEnd="gov.nih.nci.ncicb.cadsr.persistence.bc4j.ProtoCotFkAssoc.Contexts"
      AssociationOtherEnd="gov.nih.nci.ncicb.cadsr.persistence.bc4j.ProtoCotFkAssoc.Protocol"
      Type="gov.nih.nci.ncicb.cadsr.persistence.bc4j.ContextsImpl" >
   </AccessorAttribute>
   <AccessorAttribute
      Name="QuestContentsExt"
      Association="gov.nih.nci.ncicb.cadsr.persistence.bc4j.QcProtoFkAssoc"
      AssociationEnd="gov.nih.nci.ncicb.cadsr.persistence.bc4j.QcProtoFkAssoc.QuestContentsExt"
      AssociationOtherEnd="gov.nih.nci.ncicb.cadsr.persistence.bc4j.QcProtoFkAssoc.Protocol"
      Type="oracle.jbo.RowIterator"
      IsUpdateable="false" >
   </AccessorAttribute>
   <Key
      Name="Avcon1013618862Type000" >
      <AttrArray Name="Attributes">
         <Item Value="gov.nih.nci.ncicb.cadsr.persistence.bc4j.Protocol.Type" />
      </AttrArray>
      <DesignTime>
         <Attr Name="_DBObjectName" Value="AVCON_1013618862_TYPE_000" />
         <Attr Name="_checkCondition" Value="TYPE IN (&#39;Treatment trials&#39;, &#39;Prevention trials&#39;, &#39;Screening trials&#39;, &#39;Quality of Life trials&#39;)" />
         <Attr Name="_isCheck" Value="true" />
      </DesignTime>
   </Key>
   <Key
      Name="Avcon1019059520Lates000" >
      <AttrArray Name="Attributes">
         <Item Value="gov.nih.nci.ncicb.cadsr.persistence.bc4j.Protocol.LatestVersionInd" />
      </AttrArray>
      <DesignTime>
         <Attr Name="_DBObjectName" Value="AVCON_1019059520_LATES_000" />
         <Attr Name="_checkCondition" Value="LATEST_VERSION_IND IN (&#39;Yes&#39;, &#39;No&#39;)" />
         <Attr Name="_isCheck" Value="true" />
      </DesignTime>
   </Key>
   <Key
      Name="Avcon1019059712Delet000" >
      <AttrArray Name="Attributes">
         <Item Value="gov.nih.nci.ncicb.cadsr.persistence.bc4j.Protocol.DeletedInd" />
      </AttrArray>
      <DesignTime>
         <Attr Name="_DBObjectName" Value="AVCON_1019059712_DELET_000" />
         <Attr Name="_checkCondition" Value="DELETED_IND IN (&#39;Yes&#39;, &#39;No&#39;)" />
         <Attr Name="_isCheck" Value="true" />
      </DesignTime>
   </Key>
   <Key
      Name="Avcon1019241047Delet000" >
      <AttrArray Name="Attributes">
         <Item Value="gov.nih.nci.ncicb.cadsr.persistence.bc4j.Protocol.DeletedInd" />
      </AttrArray>
      <DesignTime>
         <Attr Name="_DBObjectName" Value="AVCON_1019241047_DELET_000" />
         <Attr Name="_checkCondition" Value="DELETED_IND IN (&#39;Yes&#39;, &#39;No&#39;)" />
         <Attr Name="_isCheck" Value="true" />
      </DesignTime>
   </Key>
   <Key
      Name="Avcon1019241047Lates000" >
      <AttrArray Name="Attributes">
         <Item Value="gov.nih.nci.ncicb.cadsr.persistence.bc4j.Protocol.LatestVersionInd" />
      </AttrArray>
      <DesignTime>
         <Attr Name="_DBObjectName" Value="AVCON_1019241047_LATES_000" />
         <Attr Name="_checkCondition" Value="LATEST_VERSION_IND IN (&#39;Yes&#39;, &#39;No&#39;)" />
         <Attr Name="_isCheck" Value="true" />
      </DesignTime>
   </Key>
   <Key
      Name="ProPk" >
      <AttrArray Name="Attributes">
         <Item Value="gov.nih.nci.ncicb.cadsr.persistence.bc4j.Protocol.ProtoIdseq" />
      </AttrArray>
      <DesignTime>
         <Attr Name="_DBObjectName" Value="PRO_PK" />
         <Attr Name="_isPrimary" Value="true" />
      </DesignTime>
   </Key>
   <Key
      Name="ProtoUk" >
      <AttrArray Name="Attributes">
         <Item Value="gov.nih.nci.ncicb.cadsr.persistence.bc4j.Protocol.Version" />
         <Item Value="gov.nih.nci.ncicb.cadsr.persistence.bc4j.Protocol.ConteIdseq" />
         <Item Value="gov.nih.nci.ncicb.cadsr.persistence.bc4j.Protocol.PreferredName" />
      </AttrArray>
      <DesignTime>
         <Attr Name="_DBObjectName" Value="PROTO_UK" />
         <Attr Name="_isUnique" Value="true" />
      </DesignTime>
   </Key>
   <Key
      Name="SysC0062115" >
      <AttrArray Name="Attributes">
         <Item Value="gov.nih.nci.ncicb.cadsr.persistence.bc4j.Protocol.ProtoIdseq" />
      </AttrArray>
      <DesignTime>
         <Attr Name="_DBObjectName" Value="SYS_C0062115" />
         <Attr Name="_checkCondition" Value="&#34;PROTO_IDSEQ&#34; IS NOT NULL" />
         <Attr Name="_isCheck" Value="true" />
      </DesignTime>
   </Key>
   <Key
      Name="SysC0062116" >
      <AttrArray Name="Attributes">
         <Item Value="gov.nih.nci.ncicb.cadsr.persistence.bc4j.Protocol.Version" />
      </AttrArray>
      <DesignTime>
         <Attr Name="_DBObjectName" Value="SYS_C0062116" />
         <Attr Name="_checkCondition" Value="&#34;VERSION&#34; IS NOT NULL" />
         <Attr Name="_isCheck" Value="true" />
      </DesignTime>
   </Key>
   <Key
      Name="SysC0062117" >
      <AttrArray Name="Attributes">
         <Item Value="gov.nih.nci.ncicb.cadsr.persistence.bc4j.Protocol.ConteIdseq" />
      </AttrArray>
      <DesignTime>
         <Attr Name="_DBObjectName" Value="SYS_C0062117" />
         <Attr Name="_checkCondition" Value="&#34;CONTE_IDSEQ&#34; IS NOT NULL" />
         <Attr Name="_isCheck" Value="true" />
      </DesignTime>
   </Key>
   <Key
      Name="SysC0062118" >
      <AttrArray Name="Attributes">
         <Item Value="gov.nih.nci.ncicb.cadsr.persistence.bc4j.Protocol.PreferredName" />
      </AttrArray>
      <DesignTime>
         <Attr Name="_DBObjectName" Value="SYS_C0062118" />
         <Attr Name="_checkCondition" Value="&#34;PREFERRED_NAME&#34; IS NOT NULL" />
         <Attr Name="_isCheck" Value="true" />
      </DesignTime>
   </Key>
   <Key
      Name="SysC0062119" >
      <AttrArray Name="Attributes">
         <Item Value="gov.nih.nci.ncicb.cadsr.persistence.bc4j.Protocol.PreferredDefinition" />
      </AttrArray>
      <DesignTime>
         <Attr Name="_DBObjectName" Value="SYS_C0062119" />
         <Attr Name="_checkCondition" Value="&#34;PREFERRED_DEFINITION&#34; IS NOT NULL" />
         <Attr Name="_isCheck" Value="true" />
      </DesignTime>
   </Key>
   <Key
      Name="SysC0062120" >
      <AttrArray Name="Attributes">
         <Item Value="gov.nih.nci.ncicb.cadsr.persistence.bc4j.Protocol.AslName" />
      </AttrArray>
      <DesignTime>
         <Attr Name="_DBObjectName" Value="SYS_C0062120" />
         <Attr Name="_checkCondition" Value="&#34;ASL_NAME&#34; IS NOT NULL" />
         <Attr Name="_isCheck" Value="true" />
      </DesignTime>
   </Key>
   <Key
      Name="SysC0062121" >
      <AttrArray Name="Attributes">
         <Item Value="gov.nih.nci.ncicb.cadsr.persistence.bc4j.Protocol.DateCreated" />
      </AttrArray>
      <DesignTime>
         <Attr Name="_DBObjectName" Value="SYS_C0062121" />
         <Attr Name="_checkCondition" Value="&#34;DATE_CREATED&#34; IS NOT NULL" />
         <Attr Name="_isCheck" Value="true" />
      </DesignTime>
   </Key>
   <Key
      Name="SysC0062122" >
      <AttrArray Name="Attributes">
         <Item Value="gov.nih.nci.ncicb.cadsr.persistence.bc4j.Protocol.CreatedBy" />
      </AttrArray>
      <DesignTime>
         <Attr Name="_DBObjectName" Value="SYS_C0062122" />
         <Attr Name="_checkCondition" Value="&#34;CREATED_BY&#34; IS NOT NULL" />
         <Attr Name="_isCheck" Value="true" />
      </DesignTime>
   </Key>
   <Key
      Name="ProtoAsvFk" >
      <AttrArray Name="Attributes">
         <Item Value="gov.nih.nci.ncicb.cadsr.persistence.bc4j.Protocol.AslName" />
      </AttrArray>
      <DesignTime>
         <Attr Name="_DBObjectName" Value="PROTO_ASV_FK" />
         <Attr Name="_referencedKey" Value="ASL_PK" />
         <Attr Name="_isForeign" Value="true" />
      </DesignTime>
   </Key>
   <Key
      Name="ProtoCotFk" >
      <AttrArray Name="Attributes">
         <Item Value="gov.nih.nci.ncicb.cadsr.persistence.bc4j.Protocol.ConteIdseq" />
      </AttrArray>
      <DesignTime>
         <Attr Name="_DBObjectName" Value="PROTO_COT_FK" />
         <Attr Name="_referencedKey" Value="CONTE_PK" />
         <Attr Name="_isForeign" Value="true" />
      </DesignTime>
   </Key>
</Entity>
