<?xml version='1.0' encoding='windows-1252' ?>
<!DOCTYPE Association SYSTEM "jbo_03_01.dtd">

<Association
   Name="QcProtoFkAssoc" >
   <DesignTime>
      <Attr Name="_isCodegen" Value="true" />
      <Attr Name="_version" Value="9.0.5.16.0" />
   </DesignTime>
   <AssociationEnd
      Name="Protocol"
      Cardinality="1"
      Source="true"
      Owner="gov.nih.nci.ncicb.cadsr.persistence.bc4j.Protocol" >
      <AttrArray Name="Attributes">
         <Item Value="gov.nih.nci.ncicb.cadsr.persistence.bc4j.Protocol.ProtoIdseq" />
      </AttrArray>
      <DesignTime>
         <Attr Name="_aggregation" Value="0" />
         <Attr Name="_isUpdateable" Value="true" />
         <Attr Name="_finderName" Value="Protocol" />
         <Attr Name="_foreignKey" Value="gov.nih.nci.ncicb.cadsr.persistence.bc4j.Protocol.ProPk" />
      </DesignTime>
   </AssociationEnd>
   <AssociationEnd
      Name="QuestContentsExt"
      Cardinality="-1"
      Owner="gov.nih.nci.ncicb.cadsr.persistence.bc4j.QuestContentsExt" >
      <AttrArray Name="Attributes">
         <Item Value="gov.nih.nci.ncicb.cadsr.persistence.bc4j.QuestContentsExt.ProtoIdseq" />
      </AttrArray>
      <DesignTime>
         <Attr Name="_aggregation" Value="0" />
         <Attr Name="_isUpdateable" Value="true" />
         <Attr Name="_finderName" Value="QuestContentsExt" />
         <Attr Name="_foreignKey" Value="gov.nih.nci.ncicb.cadsr.persistence.bc4j.QuestContentsExt.QcProtoFk" />
      </DesignTime>
   </AssociationEnd>
</Association>
