<?xml version='1.0' encoding='windows-1252' ?>
<!DOCTYPE Entity SYSTEM "jbo_03_01.dtd">

<Entity
   Name="QcRecsExt"
   DBObjectType="synonym"
   DBObjectName="QC_RECS_EXT"
   AliasName="QcRecsExt"
   BindingStyle="Oracle"
   UseGlueCode="false"
   RowClass="gov.nih.nci.ncicb.cadsr.persistence.bc4j.QcRecsExtImpl" >
   <DesignTime>
      <Attr Name="_isCodegen" Value="true" />
      <Attr Name="_version" Value="9.0.5.16.0" />
      <Attr Name="_codeGenFlag2" Value="Access" />
      <AttrArray Name="_publishEvents">
      </AttrArray>
   </DesignTime>
   <Attribute
      Name="QrIdseq"
      IsNotNull="true"
      Precision="36"
      ColumnName="QR_IDSEQ"
      Type="java.lang.String"
      ColumnType="CHAR"
      SQLType="VARCHAR"
      TableName="QC_RECS_EXT"
      PrimaryKey="true"
      RetrievedOnUpdate="true"
      RetrievedOnInsert="true" >
      <DesignTime>
         <Attr Name="_DisplaySize" Value="36" />
      </DesignTime>
   </Attribute>
   <Attribute
      Name="PQcIdseq"
      IsNotNull="true"
      Precision="36"
      ColumnName="P_QC_IDSEQ"
      Type="java.lang.String"
      ColumnType="CHAR"
      SQLType="VARCHAR"
      TableName="QC_RECS_EXT"
      RetrievedOnUpdate="true"
      RetrievedOnInsert="true" >
      <DesignTime>
         <Attr Name="_DisplaySize" Value="36" />
      </DesignTime>
   </Attribute>
   <Attribute
      Name="CQcIdseq"
      IsNotNull="true"
      Precision="36"
      ColumnName="C_QC_IDSEQ"
      Type="java.lang.String"
      ColumnType="CHAR"
      SQLType="VARCHAR"
      TableName="QC_RECS_EXT"
      RetrievedOnUpdate="true"
      RetrievedOnInsert="true" >
      <DesignTime>
         <Attr Name="_DisplaySize" Value="36" />
      </DesignTime>
   </Attribute>
   <Attribute
      Name="DisplayOrder"
      IsNotNull="true"
      Precision="6"
      Scale="0"
      ColumnName="DISPLAY_ORDER"
      Type="oracle.jbo.domain.Number"
      ColumnType="NUMBER"
      SQLType="NUMERIC"
      TableName="QC_RECS_EXT" >
      <DesignTime>
         <Attr Name="_DisplaySize" Value="22" />
      </DesignTime>
   </Attribute>
   <Attribute
      Name="RlName"
      IsNotNull="true"
      Precision="20"
      ColumnName="RL_NAME"
      Type="java.lang.String"
      ColumnType="VARCHAR2"
      SQLType="VARCHAR"
      TableName="QC_RECS_EXT" >
      <DesignTime>
         <Attr Name="_DisplaySize" Value="20" />
      </DesignTime>
   </Attribute>
   <Attribute
      Name="DateCreated"
      ColumnName="DATE_CREATED"
      Type="oracle.jbo.domain.Date"
      ColumnType="DATE"
      SQLType="DATE"
      TableName="QC_RECS_EXT"
      RetrievedOnInsert="true" >
      <DesignTime>
         <Attr Name="_DisplaySize" Value="7" />
      </DesignTime>
   </Attribute>
   <Attribute
      Name="CreatedBy"
      Precision="30"
      ColumnName="CREATED_BY"
      Type="java.lang.String"
      ColumnType="VARCHAR2"
      SQLType="VARCHAR"
      TableName="QC_RECS_EXT"
      RetrievedOnInsert="true" >
      <DesignTime>
         <Attr Name="_DisplaySize" Value="30" />
      </DesignTime>
   </Attribute>
   <Attribute
      Name="DateModified"
      ColumnName="DATE_MODIFIED"
      Type="oracle.jbo.domain.Date"
      ColumnType="DATE"
      SQLType="DATE"
      TableName="QC_RECS_EXT" >
      <DesignTime>
         <Attr Name="_DisplaySize" Value="7" />
      </DesignTime>
   </Attribute>
   <Attribute
      Name="ModifiedBy"
      Precision="30"
      ColumnName="MODIFIED_BY"
      Type="java.lang.String"
      ColumnType="VARCHAR2"
      SQLType="VARCHAR"
      TableName="QC_RECS_EXT" >
      <DesignTime>
         <Attr Name="_DisplaySize" Value="30" />
      </DesignTime>
   </Attribute>
   <AccessorAttribute
      Name="QuestContentsExt"
      Association="gov.nih.nci.ncicb.cadsr.persistence.bc4j.QrsQcFk1Assoc"
      AssociationEnd="gov.nih.nci.ncicb.cadsr.persistence.bc4j.QrsQcFk1Assoc.QuestContentsExt"
      AssociationOtherEnd="gov.nih.nci.ncicb.cadsr.persistence.bc4j.QrsQcFk1Assoc.QcRecsExt"
      Type="gov.nih.nci.ncicb.cadsr.persistence.bc4j.QuestContentsExtImpl" >
   </AccessorAttribute>
   <AccessorAttribute
      Name="QuestContentsExt1"
      Association="gov.nih.nci.ncicb.cadsr.persistence.bc4j.QrsQcFk2Assoc"
      AssociationEnd="gov.nih.nci.ncicb.cadsr.persistence.bc4j.QrsQcFk2Assoc.QuestContentsExt1"
      AssociationOtherEnd="gov.nih.nci.ncicb.cadsr.persistence.bc4j.QrsQcFk2Assoc.QcRecsExt1"
      Type="gov.nih.nci.ncicb.cadsr.persistence.bc4j.QuestContentsExtImpl" >
   </AccessorAttribute>
   <Key
      Name="QqrsPk" >
      <AttrArray Name="Attributes">
         <Item Value="gov.nih.nci.ncicb.cadsr.persistence.bc4j.QcRecsExt.QrIdseq" />
      </AttrArray>
      <DesignTime>
         <Attr Name="_DBObjectName" Value="QQRS_PK" />
         <Attr Name="_isPrimary" Value="true" />
      </DesignTime>
   </Key>
   <Key
      Name="SysC0062156" >
      <AttrArray Name="Attributes">
         <Item Value="gov.nih.nci.ncicb.cadsr.persistence.bc4j.QcRecsExt.QrIdseq" />
      </AttrArray>
      <DesignTime>
         <Attr Name="_DBObjectName" Value="SYS_C0062156" />
         <Attr Name="_checkCondition" Value="&#34;QR_IDSEQ&#34; IS NOT NULL" />
         <Attr Name="_isCheck" Value="true" />
      </DesignTime>
   </Key>
   <Key
      Name="SysC0062157" >
      <AttrArray Name="Attributes">
         <Item Value="gov.nih.nci.ncicb.cadsr.persistence.bc4j.QcRecsExt.PQcIdseq" />
      </AttrArray>
      <DesignTime>
         <Attr Name="_DBObjectName" Value="SYS_C0062157" />
         <Attr Name="_checkCondition" Value="&#34;P_QC_IDSEQ&#34; IS NOT NULL" />
         <Attr Name="_isCheck" Value="true" />
      </DesignTime>
   </Key>
   <Key
      Name="SysC0062158" >
      <AttrArray Name="Attributes">
         <Item Value="gov.nih.nci.ncicb.cadsr.persistence.bc4j.QcRecsExt.CQcIdseq" />
      </AttrArray>
      <DesignTime>
         <Attr Name="_DBObjectName" Value="SYS_C0062158" />
         <Attr Name="_checkCondition" Value="&#34;C_QC_IDSEQ&#34; IS NOT NULL" />
         <Attr Name="_isCheck" Value="true" />
      </DesignTime>
   </Key>
   <Key
      Name="SysC0062159" >
      <AttrArray Name="Attributes">
         <Item Value="gov.nih.nci.ncicb.cadsr.persistence.bc4j.QcRecsExt.DisplayOrder" />
      </AttrArray>
      <DesignTime>
         <Attr Name="_DBObjectName" Value="SYS_C0062159" />
         <Attr Name="_checkCondition" Value="&#34;DISPLAY_ORDER&#34; IS NOT NULL" />
         <Attr Name="_isCheck" Value="true" />
      </DesignTime>
   </Key>
   <Key
      Name="SysC0062160" >
      <AttrArray Name="Attributes">
         <Item Value="gov.nih.nci.ncicb.cadsr.persistence.bc4j.QcRecsExt.RlName" />
      </AttrArray>
      <DesignTime>
         <Attr Name="_DBObjectName" Value="SYS_C0062160" />
         <Attr Name="_checkCondition" Value="&#34;RL_NAME&#34; IS NOT NULL" />
         <Attr Name="_isCheck" Value="true" />
      </DesignTime>
   </Key>
   <Key
      Name="QrsQcFk1" >
      <AttrArray Name="Attributes">
         <Item Value="gov.nih.nci.ncicb.cadsr.persistence.bc4j.QcRecsExt.PQcIdseq" />
      </AttrArray>
      <DesignTime>
         <Attr Name="_DBObjectName" Value="QRS_QC_FK1" />
         <Attr Name="_referencedKey" Value="QCE_PK" />
         <Attr Name="_isForeign" Value="true" />
      </DesignTime>
   </Key>
   <Key
      Name="QrsQcFk2" >
      <AttrArray Name="Attributes">
         <Item Value="gov.nih.nci.ncicb.cadsr.persistence.bc4j.QcRecsExt.CQcIdseq" />
      </AttrArray>
      <DesignTime>
         <Attr Name="_DBObjectName" Value="QRS_QC_FK2" />
         <Attr Name="_referencedKey" Value="QCE_PK" />
         <Attr Name="_isForeign" Value="true" />
      </DesignTime>
   </Key>
   <Key
      Name="QrsRlvFk" >
      <AttrArray Name="Attributes">
         <Item Value="gov.nih.nci.ncicb.cadsr.persistence.bc4j.QcRecsExt.RlName" />
      </AttrArray>
      <DesignTime>
         <Attr Name="_DBObjectName" Value="QRS_RLV_FK" />
         <Attr Name="_referencedKey" Value="RL_PK" />
         <Attr Name="_isForeign" Value="true" />
      </DesignTime>
   </Key>
</Entity>
