<?xml version='1.0' encoding='windows-1252' ?>
<!DOCTYPE Entity SYSTEM "jbo_03_01.dtd">

<Entity
   Name="ReferenceBlobs"
   DBObjectType="table"
   DBObjectName="REFERENCE_BLOBS"
   AliasName="ReferenceBlobs"
   BindingStyle="Oracle"
   UseGlueCode="false"
   RowClass="gov.nih.nci.ncicb.cadsr.persistence.bc4j.ReferenceBlobsImpl" >
   <DesignTime>
      <Attr Name="_isCodegen" Value="true" />
      <Attr Name="_version" Value="9.0.5.16.0" />
      <Attr Name="_codeGenFlag2" Value="Init|Delete|Access|DML|Val" />
      <AttrArray Name="_publishEvents">
      </AttrArray>
   </DesignTime>
   <Attribute
      Name="RdIdseq"
      Precision="36"
      ColumnName="RD_IDSEQ"
      Type="java.lang.String"
      ColumnType="CHAR"
      SQLType="VARCHAR"
      TableName="REFERENCE_BLOBS"
      RetrievedOnUpdate="true"
      RetrievedOnInsert="true" >
      <DesignTime>
         <Attr Name="_DisplaySize" Value="36" />
      </DesignTime>
   </Attribute>
   <Attribute
      Name="Name"
      IsNotNull="true"
      Precision="350"
      ColumnName="NAME"
      Type="java.lang.String"
      ColumnType="VARCHAR2"
      SQLType="VARCHAR"
      TableName="REFERENCE_BLOBS"
      PrimaryKey="true" >
      <DesignTime>
         <Attr Name="_DisplaySize" Value="350" />
      </DesignTime>
   </Attribute>
   <Attribute
      Name="MimeType"
      Precision="128"
      ColumnName="MIME_TYPE"
      Type="java.lang.String"
      ColumnType="VARCHAR2"
      SQLType="VARCHAR"
      TableName="REFERENCE_BLOBS" >
      <DesignTime>
         <Attr Name="_DisplaySize" Value="128" />
      </DesignTime>
   </Attribute>
   <Attribute
      Name="DocSize"
      ColumnName="DOC_SIZE"
      Type="oracle.jbo.domain.Number"
      ColumnType="NUMBER"
      SQLType="NUMERIC"
      TableName="REFERENCE_BLOBS" >
   </Attribute>
   <Attribute
      Name="DadCharset"
      Precision="128"
      ColumnName="DAD_CHARSET"
      Type="java.lang.String"
      ColumnType="VARCHAR2"
      SQLType="VARCHAR"
      TableName="REFERENCE_BLOBS" >
      <DesignTime>
         <Attr Name="_DisplaySize" Value="128" />
      </DesignTime>
   </Attribute>
   <Attribute
      Name="LastUpdated"
      ColumnName="LAST_UPDATED"
      Type="oracle.jbo.domain.Date"
      ColumnType="DATE"
      SQLType="DATE"
      TableName="REFERENCE_BLOBS" >
   </Attribute>
   <Attribute
      Name="ContentType"
      Precision="128"
      ColumnName="CONTENT_TYPE"
      Type="java.lang.String"
      ColumnType="VARCHAR2"
      SQLType="VARCHAR"
      TableName="REFERENCE_BLOBS" >
      <DesignTime>
         <Attr Name="_DisplaySize" Value="128" />
      </DesignTime>
   </Attribute>
   <Attribute
      Name="BlobContent"
      IsQueriable="false"
      ColumnName="BLOB_CONTENT"
      Type="oracle.jbo.domain.BlobDomain"
      ColumnType="BLOB"
      SQLType="BLOB"
      TableName="REFERENCE_BLOBS" >
   </Attribute>
   <Attribute
      Name="CreatedBy"
      IsNotNull="true"
      Precision="30"
      ColumnName="CREATED_BY"
      Type="java.lang.String"
      ColumnType="VARCHAR2"
      SQLType="VARCHAR"
      TableName="REFERENCE_BLOBS" >
      <DesignTime>
         <Attr Name="_DisplaySize" Value="30" />
      </DesignTime>
   </Attribute>
   <Attribute
      Name="DateCreated"
      IsNotNull="true"
      ColumnName="DATE_CREATED"
      Type="oracle.jbo.domain.Date"
      ColumnType="DATE"
      SQLType="DATE"
      TableName="REFERENCE_BLOBS" >
   </Attribute>
   <Attribute
      Name="ModifiedBy"
      Precision="30"
      ColumnName="MODIFIED_BY"
      Type="java.lang.String"
      ColumnType="VARCHAR2"
      SQLType="VARCHAR"
      TableName="REFERENCE_BLOBS" >
      <DesignTime>
         <Attr Name="_DisplaySize" Value="30" />
      </DesignTime>
   </Attribute>
   <Attribute
      Name="DateModified"
      ColumnName="DATE_MODIFIED"
      Type="oracle.jbo.domain.Date"
      ColumnType="DATE"
      SQLType="DATE"
      TableName="REFERENCE_BLOBS" >
   </Attribute>
   <AccessorAttribute
      Name="ReferenceDocuments"
      Association="gov.nih.nci.ncicb.cadsr.persistence.bc4j.RbRdFkAssoc"
      AssociationEnd="gov.nih.nci.ncicb.cadsr.persistence.bc4j.RbRdFkAssoc.ReferenceDocuments"
      AssociationOtherEnd="gov.nih.nci.ncicb.cadsr.persistence.bc4j.RbRdFkAssoc.ReferenceBlobs"
      Type="gov.nih.nci.ncicb.cadsr.persistence.bc4j.ReferenceDocumentsImpl" >
   </AccessorAttribute>
   <Key
      Name="RbPk" >
      <AttrArray Name="Attributes">
         <Item Value="gov.nih.nci.ncicb.cadsr.persistence.bc4j.ReferenceBlobs.Name" />
      </AttrArray>
      <DesignTime>
         <Attr Name="_DBObjectName" Value="RB_PK" />
         <Attr Name="_isPrimary" Value="true" />
      </DesignTime>
   </Key>
   <Key
      Name="SysC0062573" >
      <AttrArray Name="Attributes">
         <Item Value="gov.nih.nci.ncicb.cadsr.persistence.bc4j.ReferenceBlobs.Name" />
      </AttrArray>
      <DesignTime>
         <Attr Name="_DBObjectName" Value="SYS_C0062573" />
         <Attr Name="_checkCondition" Value="&#34;NAME&#34; IS NOT NULL" />
         <Attr Name="_isCheck" Value="true" />
      </DesignTime>
   </Key>
   <Key
      Name="SysC0062574" >
      <AttrArray Name="Attributes">
         <Item Value="gov.nih.nci.ncicb.cadsr.persistence.bc4j.ReferenceBlobs.CreatedBy" />
      </AttrArray>
      <DesignTime>
         <Attr Name="_DBObjectName" Value="SYS_C0062574" />
         <Attr Name="_checkCondition" Value="&#34;CREATED_BY&#34; IS NOT NULL" />
         <Attr Name="_isCheck" Value="true" />
      </DesignTime>
   </Key>
   <Key
      Name="SysC0062575" >
      <AttrArray Name="Attributes">
         <Item Value="gov.nih.nci.ncicb.cadsr.persistence.bc4j.ReferenceBlobs.DateCreated" />
      </AttrArray>
      <DesignTime>
         <Attr Name="_DBObjectName" Value="SYS_C0062575" />
         <Attr Name="_checkCondition" Value="&#34;DATE_CREATED&#34; IS NOT NULL" />
         <Attr Name="_isCheck" Value="true" />
      </DesignTime>
   </Key>
   <Key
      Name="RbRdFk" >
      <AttrArray Name="Attributes">
         <Item Value="gov.nih.nci.ncicb.cadsr.persistence.bc4j.ReferenceBlobs.RdIdseq" />
      </AttrArray>
      <DesignTime>
         <Attr Name="_DBObjectName" Value="RB_RD_FK" />
         <Attr Name="_referencedKey" Value="RD_PK" />
         <Attr Name="_isForeign" Value="true" />
      </DesignTime>
   </Key>
</Entity>
