<?xml version='1.0' encoding='windows-1252' ?>
<!DOCTYPE ViewObject SYSTEM "jbo_03_01.dtd">

<ViewObject
   Name="RepresentationViewObj"
   SelectList="Representation.REP_IDSEQ, 
       Representation.PREFERRED_NAME, 

       Representation.LONG_NAME, 
       Representation.PREFERRED_DEFINITION, 

       Representation.CONTE_IDSEQ, 
       Representation.VERSION, 

       Representation.ASL_NAME, 
       Representation.LATEST_VERSION_IND, 

       Representation.CHANGE_NOTE, 
       Representation.BEGIN_DATE, 

       Representation.END_DATE, 
       Representation.ORIGIN, 

       Representation.DEFINITION_SOURCE, 
       Representation.DATE_CREATED, 

       Representation.CREATED_BY, 
       Representation.DELETED_IND, 

       Representation.DATE_MODIFIED, 
       Representation.MODIFIED_BY, 

       Representation.REP_ID, 
       Representation.CONDR_IDSEQ"
   FromList="REPRESENTATIONS_EXT Representation"
   BindingStyle="Oracle"
   CustomQuery="false"
   RowClass="gov.nih.nci.ncicb.cadsr.persistence.bc4j.RepresentationViewObjRowImpl"
   ComponentClass="gov.nih.nci.ncicb.cadsr.persistence.bc4j.RepresentationViewObjImpl"
   MsgBundleClass="oracle.jbo.common.JboResourceBundle"
   UseGlueCode="false" >
   <DesignTime>
      <Attr Name="_isCodegen" Value="true" />
      <Attr Name="_version" Value="9.0.5.16.0" />
      <Attr Name="_codeGenFlag2" Value="Access|Coll" />
      <Attr Name="_isExpertMode" Value="false" />
   </DesignTime>
   <EntityUsage
      Name="Representation"
      Entity="gov.nih.nci.ncicb.cadsr.persistence.bc4j.Representation" >
      <DesignTime>
         <Attr Name="_EntireObjectTable" Value="false" />
         <Attr Name="_queryClause" Value="false" />
      </DesignTime>
   </EntityUsage>
   <ViewAttribute
      Name="RepIdseq"
      IsNotNull="true"
      PrecisionRule="true"
      EntityAttrName="RepIdseq"
      EntityUsage="Representation"
      AliasName="REP_IDSEQ" >
   </ViewAttribute>
   <ViewAttribute
      Name="PreferredName"
      IsUnique="true"
      IsNotNull="true"
      PrecisionRule="true"
      EntityAttrName="PreferredName"
      EntityUsage="Representation"
      AliasName="PREFERRED_NAME" >
   </ViewAttribute>
   <ViewAttribute
      Name="LongName"
      PrecisionRule="true"
      EntityAttrName="LongName"
      EntityUsage="Representation"
      AliasName="LONG_NAME" >
   </ViewAttribute>
   <ViewAttribute
      Name="PreferredDefinition"
      IsNotNull="true"
      PrecisionRule="true"
      EntityAttrName="PreferredDefinition"
      EntityUsage="Representation"
      AliasName="PREFERRED_DEFINITION" >
   </ViewAttribute>
   <ViewAttribute
      Name="ConteIdseq"
      IsUnique="true"
      IsNotNull="true"
      PrecisionRule="true"
      EntityAttrName="ConteIdseq"
      EntityUsage="Representation"
      AliasName="CONTE_IDSEQ" >
   </ViewAttribute>
   <ViewAttribute
      Name="Version"
      IsUnique="true"
      IsNotNull="true"
      PrecisionRule="true"
      EntityAttrName="Version"
      EntityUsage="Representation"
      AliasName="VERSION" >
   </ViewAttribute>
   <ViewAttribute
      Name="AslName"
      IsNotNull="true"
      PrecisionRule="true"
      EntityAttrName="AslName"
      EntityUsage="Representation"
      AliasName="ASL_NAME" >
   </ViewAttribute>
   <ViewAttribute
      Name="LatestVersionInd"
      PrecisionRule="true"
      EntityAttrName="LatestVersionInd"
      EntityUsage="Representation"
      AliasName="LATEST_VERSION_IND" >
   </ViewAttribute>
   <ViewAttribute
      Name="ChangeNote"
      PrecisionRule="true"
      EntityAttrName="ChangeNote"
      EntityUsage="Representation"
      AliasName="CHANGE_NOTE" >
   </ViewAttribute>
   <ViewAttribute
      Name="BeginDate"
      PrecisionRule="true"
      EntityAttrName="BeginDate"
      EntityUsage="Representation"
      AliasName="BEGIN_DATE" >
   </ViewAttribute>
   <ViewAttribute
      Name="EndDate"
      PrecisionRule="true"
      EntityAttrName="EndDate"
      EntityUsage="Representation"
      AliasName="END_DATE" >
   </ViewAttribute>
   <ViewAttribute
      Name="Origin"
      PrecisionRule="true"
      EntityAttrName="Origin"
      EntityUsage="Representation"
      AliasName="ORIGIN" >
   </ViewAttribute>
   <ViewAttribute
      Name="DefinitionSource"
      PrecisionRule="true"
      EntityAttrName="DefinitionSource"
      EntityUsage="Representation"
      AliasName="DEFINITION_SOURCE" >
   </ViewAttribute>
   <ViewAttribute
      Name="DateCreated"
      PrecisionRule="true"
      EntityAttrName="DateCreated"
      EntityUsage="Representation"
      AliasName="DATE_CREATED" >
   </ViewAttribute>
   <ViewAttribute
      Name="CreatedBy"
      PrecisionRule="true"
      EntityAttrName="CreatedBy"
      EntityUsage="Representation"
      AliasName="CREATED_BY" >
   </ViewAttribute>
   <ViewAttribute
      Name="DeletedInd"
      PrecisionRule="true"
      EntityAttrName="DeletedInd"
      EntityUsage="Representation"
      AliasName="DELETED_IND" >
   </ViewAttribute>
   <ViewAttribute
      Name="DateModified"
      PrecisionRule="true"
      EntityAttrName="DateModified"
      EntityUsage="Representation"
      AliasName="DATE_MODIFIED" >
   </ViewAttribute>
   <ViewAttribute
      Name="ModifiedBy"
      PrecisionRule="true"
      EntityAttrName="ModifiedBy"
      EntityUsage="Representation"
      AliasName="MODIFIED_BY" >
   </ViewAttribute>
   <ViewAttribute
      Name="RepId"
      PrecisionRule="true"
      EntityAttrName="RepId"
      EntityUsage="Representation"
      AliasName="REP_ID" >
   </ViewAttribute>
   <ViewAttribute
      Name="CondrIdseq"
      PrecisionRule="true"
      EntityAttrName="CondrIdseq"
      EntityUsage="Representation"
      AliasName="CONDR_IDSEQ" >
   </ViewAttribute>
   <ViewLinkAccessor
      Name="ValueDomainsView"
      ViewLink="gov.nih.nci.ncicb.cadsr.persistence.bc4j.VDRepViewLink"
      Type="oracle.jbo.RowIterator"
      Reversed="true"
      IsUpdateable="false" >
   </ViewLinkAccessor>
</ViewObject>
