<?xml version='1.0' encoding='windows-1252' ?>
<!DOCTYPE Association SYSTEM "jbo_03_01.dtd">

<Association
   Name="VdCondrFkAssoc" >
   <DesignTime>
      <Attr Name="_isCodegen" Value="true" />
      <Attr Name="_version" Value="9.0.5.16.0" />
   </DesignTime>
   <AssociationEnd
      Name="ConDerivationRulesExt"
      Cardinality="1"
      Source="true"
      Owner="gov.nih.nci.ncicb.cadsr.persistence.bc4j.ConDerivationRulesExt" >
      <AttrArray Name="Attributes">
         <Item Value="gov.nih.nci.ncicb.cadsr.persistence.bc4j.ConDerivationRulesExt.CondrIdseq" />
      </AttrArray>
      <DesignTime>
         <Attr Name="_aggregation" Value="0" />
         <Attr Name="_isUpdateable" Value="true" />
         <Attr Name="_finderName" Value="ConDerivationRulesExt" />
         <Attr Name="_foreignKey" Value="gov.nih.nci.ncicb.cadsr.persistence.bc4j.ConDerivationRulesExt.CondrPk" />
      </DesignTime>
   </AssociationEnd>
   <AssociationEnd
      Name="ValueDomains"
      Cardinality="-1"
      Owner="gov.nih.nci.ncicb.cadsr.persistence.bc4j.ValueDomains" >
      <AttrArray Name="Attributes">
         <Item Value="gov.nih.nci.ncicb.cadsr.persistence.bc4j.ValueDomains.CondrIdseq" />
      </AttrArray>
      <DesignTime>
         <Attr Name="_aggregation" Value="0" />
         <Attr Name="_isUpdateable" Value="true" />
         <Attr Name="_finderName" Value="ValueDomains" />
         <Attr Name="_foreignKey" Value="gov.nih.nci.ncicb.cadsr.persistence.bc4j.ValueDomains.VdCondrFk" />
      </DesignTime>
   </AssociationEnd>
</Association>
