<?xml version='1.0' encoding='windows-1252' ?>
<!DOCTYPE Association SYSTEM "jbo_03_01.dtd">

<Association
   Name="VpPvFkAssoc" >
   <DesignTime>
      <Attr Name="_isCodegen" Value="true" />
      <Attr Name="_version" Value="9.0.5.16.0" />
   </DesignTime>
   <AssociationEnd
      Name="PermissibleValues"
      Cardinality="0"
      Source="true"
      Owner="gov.nih.nci.ncicb.cadsr.persistence.bc4j.PermissibleValues" >
      <AttrArray Name="Attributes">
         <Item Value="gov.nih.nci.ncicb.cadsr.persistence.bc4j.PermissibleValues.PvIdseq" />
      </AttrArray>
      <DesignTime>
         <Attr Name="_aggregation" Value="0" />
         <Attr Name="_isUpdateable" Value="true" />
         <Attr Name="_finderName" Value="PermissibleValues" />
         <Attr Name="_foreignKey" Value="gov.nih.nci.ncicb.cadsr.persistence.bc4j.PermissibleValues.PvPk" />
      </DesignTime>
   </AssociationEnd>
   <AssociationEnd
      Name="VdPvs"
      Cardinality="-1"
      Owner="gov.nih.nci.ncicb.cadsr.persistence.bc4j.VdPvs" >
      <AttrArray Name="Attributes">
         <Item Value="gov.nih.nci.ncicb.cadsr.persistence.bc4j.VdPvs.PvIdseq" />
      </AttrArray>
      <DesignTime>
         <Attr Name="_aggregation" Value="0" />
         <Attr Name="_isUpdateable" Value="true" />
         <Attr Name="_finderName" Value="VdPvs" />
         <Attr Name="_foreignKey" Value="gov.nih.nci.ncicb.cadsr.persistence.bc4j.VdPvs.VpPvFk" />
      </DesignTime>
   </AssociationEnd>
</Association>
