<!--L
  Copyright Oracle Inc, SAIC-F Inc.

  Distributed under the OSI-approved BSD 3-Clause License.
  See http://ncip.github.com/cadsr-cde-browser/LICENSE.txt for details.
L-->

<xml xmlns:o="urn:schemas-microsoft-com:office:office">
 <o:MainFile HRef="../cdeBrowserHelp.html"/>
 <o:File HRef="image001.gif"/>
 <o:File HRef="image002.gif"/>
 <o:File HRef="image003.gif"/>
 <o:File HRef="image004.png"/>
 <o:File HRef="image005.jpg"/>
 <o:File HRef="image006.gif"/>
 <o:File HRef="image007.gif"/>
 <o:File HRef="image008.gif"/>
 <o:File HRef="image009.gif"/>
 <o:File HRef="image010.gif"/>
 <o:File HRef="image011.png"/>
 <o:File HRef="image012.jpg"/>
 <o:File HRef="image013.gif"/>
 <o:File HRef="image014.gif"/>
 <o:File HRef="image015.gif"/>
 <o:File HRef="image016.gif"/>
 <o:File HRef="image017.gif"/>
 <o:File HRef="image018.gif"/>
 <o:File HRef="image019.png"/>
 <o:File HRef="image020.jpg"/>
 <o:File HRef="image021.gif"/>
 <o:File HRef="image022.gif"/>
 <o:File HRef="image023.gif"/>
 <o:File HRef="image024.png"/>
 <o:File HRef="image025.jpg"/>
 <o:File HRef="image026.gif"/>
 <o:File HRef="image027.png"/>
 <o:File HRef="image028.jpg"/>
 <o:File HRef="image029.gif"/>
 <o:File HRef="image030.gif"/>
 <o:File HRef="image031.gif"/>
 <o:File HRef="image032.gif"/>
 <o:File HRef="image033.png"/>
 <o:File HRef="image034.jpg"/>
 <o:File HRef="image035.png"/>
 <o:File HRef="image036.jpg"/>
 <o:File HRef="image037.gif"/>
 <o:File HRef="image038.gif"/>
 <o:File HRef="image039.png"/>
 <o:File HRef="image040.jpg"/>
 <o:File HRef="image041.gif"/>
 <o:File HRef="image042.gif"/>
 <o:File HRef="image043.gif"/>
 <o:File HRef="image044.gif"/>
 <o:File HRef="image045.gif"/>
 <o:File HRef="image046.png"/>
 <o:File HRef="image047.jpg"/>
 <o:File HRef="image048.png"/>
 <o:File HRef="image049.gif"/>
 <o:File HRef="image050.gif"/>
 <o:File HRef="image051.png"/>
 <o:File HRef="image052.jpg"/>
 <o:File HRef="image053.gif"/>
 <o:File HRef="image054.gif"/>
 <o:File HRef="image055.png"/>
 <o:File HRef="image056.jpg"/>
 <o:File HRef="image057.gif"/>
 <o:File HRef="image058.gif"/>
 <o:File HRef="image059.png"/>
 <o:File HRef="image060.jpg"/>
 <o:File HRef="image061.gif"/>
 <o:File HRef="image062.gif"/>
 <o:File HRef="image063.png"/>
 <o:File HRef="image064.jpg"/>
 <o:File HRef="image065.gif"/>
 <o:File HRef="image066.gif"/>
 <o:File HRef="image067.gif"/>
 <o:File HRef="image068.png"/>
 <o:File HRef="image069.jpg"/>
 <o:File HRef="image070.gif"/>
 <o:File HRef="image071.gif"/>
 <o:File HRef="image072.gif"/>
 <o:File HRef="image073.gif"/>
 <o:File HRef="image074.gif"/>
 <o:File HRef="image075.gif"/>
 <o:File HRef="image076.png"/>
 <o:File HRef="image077.jpg"/>
 <o:File HRef="image078.gif"/>
 <o:File HRef="image079.gif"/>
 <o:File HRef="image080.gif"/>
 <o:File HRef="image081.gif"/>
 <o:File HRef="image082.png"/>
 <o:File HRef="image083.jpg"/>
 <o:File HRef="image084.gif"/>
 <o:File HRef="image085.png"/>
 <o:File HRef="image086.jpg"/>
 <o:File HRef="image087.gif"/>
 <o:File HRef="image088.gif"/>
 <o:File HRef="image089.png"/>
 <o:File HRef="image090.jpg"/>
 <o:File HRef="image091.gif"/>
 <o:File HRef="image092.gif"/>
 <o:File HRef="image093.gif"/>
 <o:File HRef="image094.png"/>
 <o:File HRef="image095.jpg"/>
 <o:File HRef="image096.png"/>
 <o:File HRef="image097.jpg"/>
 <o:File HRef="image098.gif"/>
 <o:File HRef="image099.png"/>
 <o:File HRef="image100.jpg"/>
 <o:File HRef="image101.gif"/>
 <o:File HRef="image102.png"/>
 <o:File HRef="image103.jpg"/>
 <o:File HRef="image104.gif"/>
 <o:File HRef="image105.gif"/>
 <o:File HRef="image106.gif"/>
 <o:File HRef="image107.gif"/>
 <o:File HRef="image108.gif"/>
 <o:File HRef="image109.gif"/>
 <o:File HRef="image110.png"/>
 <o:File HRef="image111.jpg"/>
 <o:File HRef="image112.png"/>
 <o:File HRef="image113.jpg"/>
 <o:File HRef="image114.gif"/>
 <o:File HRef="image115.png"/>
 <o:File HRef="image116.jpg"/>
 <o:File HRef="image117.gif"/>
 <o:File HRef="image118.png"/>
 <o:File HRef="image119.jpg"/>
 <o:File HRef="image120.gif"/>
 <o:File HRef="image121.gif"/>
 <o:File HRef="image122.png"/>
 <o:File HRef="image123.jpg"/>
 <o:File HRef="image124.gif"/>
 <o:File HRef="image125.png"/>
 <o:File HRef="image126.jpg"/>
 <o:File HRef="image127.gif"/>
 <o:File HRef="image128.png"/>
 <o:File HRef="image129.jpg"/>
 <o:File HRef="image130.gif"/>
 <o:File HRef="image131.gif"/>
 <o:File HRef="image132.gif"/>
 <o:File HRef="image133.gif"/>
 <o:File HRef="image134.png"/>
 <o:File HRef="image135.jpg"/>
 <o:File HRef="image136.gif"/>
 <o:File HRef="image137.gif"/>
 <o:File HRef="image138.png"/>
 <o:File HRef="image139.jpg"/>
 <o:File HRef="image140.gif"/>
 <o:File HRef="image141.gif"/>
 <o:File HRef="image142.gif"/>
 <o:File HRef="image143.png"/>
 <o:File HRef="image144.jpg"/>
 <o:File HRef="image145.gif"/>
 <o:File HRef="image146.gif"/>
 <o:File HRef="image147.gif"/>
 <o:File HRef="image148.png"/>
 <o:File HRef="image149.jpg"/>
 <o:File HRef="image150.gif"/>
 <o:File HRef="image151.png"/>
 <o:File HRef="image152.jpg"/>
 <o:File HRef="image153.gif"/>
 <o:File HRef="image154.gif"/>
 <o:File HRef="image155.gif"/>
 <o:File HRef="image156.gif"/>
 <o:File HRef="image157.png"/>
 <o:File HRef="image158.jpg"/>
 <o:File HRef="image159.gif"/>
 <o:File HRef="image160.png"/>
 <o:File HRef="image161.jpg"/>
 <o:File HRef="image162.gif"/>
 <o:File HRef="image163.gif"/>
 <o:File HRef="image164.gif"/>
 <o:File HRef="image165.png"/>
 <o:File HRef="image166.jpg"/>
 <o:File HRef="image167.gif"/>
 <o:File HRef="image168.gif"/>
 <o:File HRef="image169.png"/>
 <o:File HRef="image170.jpg"/>
 <o:File HRef="image171.gif"/>
 <o:File HRef="image172.png"/>
 <o:File HRef="image173.jpg"/>
 <o:File HRef="image174.gif"/>
 <o:File HRef="image175.gif"/>
 <o:File HRef="image176.gif"/>
 <o:File HRef="image177.png"/>
 <o:File HRef="image178.jpg"/>
 <o:File HRef="image179.gif"/>
 <o:File HRef="image180.gif"/>
 <o:File HRef="image181.gif"/>
 <o:File HRef="image182.gif"/>
 <o:File HRef="image183.gif"/>
 <o:File HRef="image184.png"/>
 <o:File HRef="image185.jpg"/>
 <o:File HRef="image186.gif"/>
 <o:File HRef="image187.gif"/>
 <o:File HRef="image188.gif"/>
 <o:File HRef="image189.gif"/>
 <o:File HRef="image190.gif"/>
 <o:File HRef="image191.png"/>
 <o:File HRef="image192.jpg"/>
 <o:File HRef="image193.png"/>
 <o:File HRef="image194.jpg"/>
 <o:File HRef="image195.gif"/>
 <o:File HRef="image196.gif"/>
 <o:File HRef="image197.gif"/>
 <o:File HRef="image198.gif"/>
 <o:File HRef="image199.gif"/>
 <o:File HRef="image200.gif"/>
 <o:File HRef="image201.gif"/>
 <o:File HRef="image202.gif"/>
 <o:File HRef="image203.gif"/>
 <o:File HRef="image204.gif"/>
 <o:File HRef="image205.png"/>
 <o:File HRef="image206.jpg"/>
 <o:File HRef="image207.gif"/>
 <o:File HRef="image208.png"/>
 <o:File HRef="image209.jpg"/>
 <o:File HRef="image210.gif"/>
 <o:File HRef="image211.gif"/>
 <o:File HRef="image212.gif"/>
 <o:File HRef="image213.png"/>
 <o:File HRef="image214.jpg"/>
 <o:File HRef="image215.gif"/>
 <o:File HRef="image216.gif"/>
 <o:File HRef="image217.png"/>
 <o:File HRef="image218.jpg"/>
 <o:File HRef="image219.gif"/>
 <o:File HRef="image220.png"/>
 <o:File HRef="image221.jpg"/>
 <o:File HRef="image222.gif"/>
 <o:File HRef="image223.gif"/>
 <o:File HRef="image224.png"/>
 <o:File HRef="image225.jpg"/>
 <o:File HRef="image226.gif"/>
 <o:File HRef="image227.gif"/>
 <o:File HRef="image228.png"/>
 <o:File HRef="image229.jpg"/>
 <o:File HRef="image230.gif"/>
 <o:File HRef="image231.png"/>
 <o:File HRef="image232.jpg"/>
 <o:File HRef="image233.gif"/>
 <o:File HRef="image234.gif"/>
 <o:File HRef="image235.gif"/>
 <o:File HRef="image236.png"/>
 <o:File HRef="image237.jpg"/>
 <o:File HRef="image238.gif"/>
 <o:File HRef="image239.gif"/>
 <o:File HRef="image240.png"/>
 <o:File HRef="image241.jpg"/>
 <o:File HRef="image242.gif"/>
 <o:File HRef="image243.gif"/>
 <o:File HRef="image244.gif"/>
 <o:File HRef="image245.gif"/>
 <o:File HRef="image246.png"/>
 <o:File HRef="image247.jpg"/>
 <o:File HRef="image248.gif"/>
 <o:File HRef="image249.gif"/>
 <o:File HRef="image250.gif"/>
 <o:File HRef="image251.gif"/>
 <o:File HRef="image252.gif"/>
 <o:File HRef="image253.gif"/>
 <o:File HRef="image254.gif"/>
 <o:File HRef="image255.png"/>
 <o:File HRef="image256.jpg"/>
 <o:File HRef="image257.png"/>
 <o:File HRef="image258.jpg"/>
 <o:File HRef="image259.png"/>
 <o:File HRef="image260.jpg"/>
 <o:File HRef="image261.png"/>
 <o:File HRef="image262.jpg"/>
 <o:File HRef="image263.gif"/>
 <o:File HRef="image264.gif"/>
 <o:File HRef="image265.gif"/>
 <o:File HRef="image266.png"/>
 <o:File HRef="image267.jpg"/>
 <o:File HRef="image268.gif"/>
 <o:File HRef="image269.gif"/>
 <o:File HRef="image270.gif"/>
 <o:File HRef="image271.gif"/>
 <o:File HRef="image272.gif"/>
 <o:File HRef="image273.gif"/>
 <o:File HRef="image274.png"/>
 <o:File HRef="image275.jpg"/>
 <o:File HRef="image276.gif"/>
 <o:File HRef="image277.gif"/>
 <o:File HRef="image278.png"/>
 <o:File HRef="image279.jpg"/>
 <o:File HRef="oledata.mso"/>
 <o:File HRef="image280.gif"/>
 <o:File HRef="image281.gif"/>
 <o:File HRef="image282.gif"/>
 <o:File HRef="image283.gif"/>
 <o:File HRef="image284.gif"/>
 <o:File HRef="image285.gif"/>
 <o:File HRef="image286.png"/>
 <o:File HRef="image287.jpg"/>
 <o:File HRef="image288.gif"/>
 <o:File HRef="image289.gif"/>
 <o:File HRef="image290.gif"/>
 <o:File HRef="image291.gif"/>
 <o:File HRef="image292.png"/>
 <o:File HRef="image293.jpg"/>
 <o:File HRef="image294.gif"/>
 <o:File HRef="image295.png"/>
 <o:File HRef="image296.jpg"/>
 <o:File HRef="image297.jpg"/>
 <o:File HRef="image298.gif"/>
 <o:File HRef="image299.gif"/>
 <o:File HRef="image300.gif"/>
 <o:File HRef="image301.gif"/>
 <o:File HRef="image302.png"/>
 <o:File HRef="image303.jpg"/>
 <o:File HRef="image304.gif"/>
 <o:File HRef="image305.gif"/>
 <o:File HRef="image306.gif"/>
 <o:File HRef="image307.png"/>
 <o:File HRef="image308.jpg"/>
 <o:File HRef="image309.gif"/>
 <o:File HRef="image310.gif"/>
 <o:File HRef="image311.gif"/>
 <o:File HRef="image312.png"/>
 <o:File HRef="image313.jpg"/>
 <o:File HRef="image314.gif"/>
 <o:File HRef="image315.png"/>
 <o:File HRef="image316.jpg"/>
 <o:File HRef="image317.gif"/>
 <o:File HRef="image318.gif"/>
 <o:File HRef="image319.gif"/>
 <o:File HRef="image320.png"/>
 <o:File HRef="image321.jpg"/>
 <o:File HRef="image322.gif"/>
 <o:File HRef="image323.gif"/>
 <o:File HRef="image324.gif"/>
 <o:File HRef="image325.gif"/>
 <o:File HRef="image326.gif"/>
 <o:File HRef="image327.gif"/>
 <o:File HRef="image328.gif"/>
 <o:File HRef="image329.gif"/>
 <o:File HRef="image330.gif"/>
 <o:File HRef="image331.png"/>
 <o:File HRef="image332.jpg"/>
 <o:File HRef="image333.gif"/>
 <o:File HRef="image334.gif"/>
 <o:File HRef="image335.png"/>
 <o:File HRef="image336.jpg"/>
 <o:File HRef="image337.gif"/>
 <o:File HRef="image338.gif"/>
 <o:File HRef="image339.png"/>
 <o:File HRef="image340.jpg"/>
 <o:File HRef="image341.gif"/>
 <o:File HRef="image342.gif"/>
 <o:File HRef="image343.gif"/>
 <o:File HRef="image344.png"/>
 <o:File HRef="image345.jpg"/>
 <o:File HRef="image346.gif"/>
 <o:File HRef="image347.gif"/>
 <o:File HRef="image348.png"/>
 <o:File HRef="image349.jpg"/>
 <o:File HRef="image350.gif"/>
 <o:File HRef="image351.gif"/>
 <o:File HRef="image352.gif"/>
 <o:File HRef="image353.png"/>
 <o:File HRef="image354.jpg"/>
 <o:File HRef="image355.gif"/>
 <o:File HRef="image356.png"/>
 <o:File HRef="image357.jpg"/>
 <o:File HRef="image358.gif"/>
 <o:File HRef="image359.gif"/>
 <o:File HRef="image360.gif"/>
 <o:File HRef="image361.png"/>
 <o:File HRef="image362.jpg"/>
 <o:File HRef="image363.gif"/>
 <o:File HRef="image364.png"/>
 <o:File HRef="image365.jpg"/>
 <o:File HRef="image366.gif"/>
 <o:File HRef="image367.gif"/>
 <o:File HRef="image368.gif"/>
 <o:File HRef="image369.png"/>
 <o:File HRef="image370.jpg"/>
 <o:File HRef="image371.gif"/>
 <o:File HRef="image372.gif"/>
 <o:File HRef="image373.png"/>
 <o:File HRef="image374.jpg"/>
 <o:File HRef="image375.gif"/>
 <o:File HRef="image376.gif"/>
 <o:File HRef="image377.gif"/>
 <o:File HRef="image378.png"/>
 <o:File HRef="image379.jpg"/>
 <o:File HRef="image380.gif"/>
 <o:File HRef="image381.gif"/>
 <o:File HRef="image382.png"/>
 <o:File HRef="image383.jpg"/>
 <o:File HRef="filelist.xml"/>
</xml>