<?xml version="1.0"?>

<!DOCTYPE hibernate-mapping PUBLIC
    "-//Hibernate/Hibernate Mapping DTD 2.0//EN" 
    "http://hibernate.sourceforge.net/hibernate-mapping-2.0.dtd">

<hibernate-mapping>
    <class
        name="gov.nih.nci.ncicb.cadsr.model.ContentObjectRelationship"
        table="QC_RECS_EXT"
        dynamic-update="false"
        dynamic-insert="false"
    >

        <id
            name="id"
            column="QR_IDSEQ"
            type="java.lang.String"
        >
            <generator class="native">
            </generator>
        </id>

        <discriminator
            column="RL_NAME"
            type="string"
        />

        <component
            name="audit"
            class="gov.nih.nci.ncicb.cadsr.model.Audit"
        >
        <property
            name="creationDate"
            type="java.util.Date"
            update="true"
            insert="true"
            access="property"
            column="DATE_CREATED"
            not-null="false"
        />

        <property
            name="modifiedBy"
            type="string"
            update="true"
            insert="true"
            access="property"
            column="MODIFIED_BY"
        />

        <property
            name="createdBy"
            type="string"
            update="true"
            insert="true"
            access="property"
            column="CREATED_BY"
        />

        <property
            name="modificationDate"
            type="date"
            update="true"
            insert="true"
            access="property"
            column="DATE_MODIFIED"
            not-null="false"
        />

        </component>

        <many-to-one
            name="parent"
            class="gov.nih.nci.ncicb.cadsr.model.ContentObject"
            cascade="none"
            outer-join="auto"
            update="true"
            insert="true"
            access="property"
            column="P_QC_IDSEQ"
        />

        <many-to-one
            name="child"
            class="gov.nih.nci.ncicb.cadsr.model.ContentObject"
            cascade="none"
            outer-join="auto"
            update="true"
            insert="true"
            access="property"
            column="C_QC_IDSEQ"
        />

        <!--
            To add non XDoclet property mappings, create a file named
                hibernate-properties-ContentObjectRelationship.xml
            containing the additional properties and place it in your merge dir.
        -->
        <subclass
            name="gov.nih.nci.ncicb.cadsr.model.QuestionValidValueRelationship"
            dynamic-update="false"
            dynamic-insert="false"
            discriminator-value="ELEMENT_VALUE"
        >
	    <!--
            	To add non XDoclet property mappings, create a file named
                hibernate-properties-QuestionValidValueRelationship.xml
		containing the additional properties and place it in your merge dir.
	    -->

        </subclass>
        <subclass
            name="gov.nih.nci.ncicb.cadsr.model.ModuleQuestionRelationship"
            dynamic-update="false"
            dynamic-insert="false"
            discriminator-value="MODULE_ELEMENT"
        >
	    <!--
            	To add non XDoclet property mappings, create a file named
                hibernate-properties-ModuleQuestionRelationship.xml
		containing the additional properties and place it in your merge dir.
	    -->

        </subclass>
        <subclass
            name="gov.nih.nci.ncicb.cadsr.model.ModuleInstructionRelationship"
            dynamic-update="false"
            dynamic-insert="false"
            discriminator-value="MODULE_INSTR"
        >
	    <!--
            	To add non XDoclet property mappings, create a file named
                hibernate-properties-ModuleInstructionRelationship.xml
		containing the additional properties and place it in your merge dir.
	    -->

        </subclass>
        <subclass
            name="gov.nih.nci.ncicb.cadsr.model.QuestionModuleRelationship"
            dynamic-update="false"
            dynamic-insert="false"
            discriminator-value="ELEMENT_MODULE"
        >
	    <!--
            	To add non XDoclet property mappings, create a file named
                hibernate-properties-QuestionModuleRelationship.xml
		containing the additional properties and place it in your merge dir.
	    -->

        </subclass>
        <subclass
            name="gov.nih.nci.ncicb.cadsr.model.FormInstructionRelationship"
            dynamic-update="false"
            dynamic-insert="false"
            discriminator-value="FORM_INSTRUCTION"
        >
	    <!--
            	To add non XDoclet property mappings, create a file named
                hibernate-properties-FormInstructionRelationship.xml
		containing the additional properties and place it in your merge dir.
	    -->

        </subclass>
        <subclass
            name="gov.nih.nci.ncicb.cadsr.model.FormModuleRelationship"
            dynamic-update="false"
            dynamic-insert="false"
            discriminator-value="FORM_MODULE"
        >
	    <!--
            	To add non XDoclet property mappings, create a file named
                hibernate-properties-FormModuleRelationship.xml
		containing the additional properties and place it in your merge dir.
	    -->

        </subclass>
        <subclass
            name="gov.nih.nci.ncicb.cadsr.model.QuestionInstructionRelationship"
            dynamic-update="false"
            dynamic-insert="false"
            discriminator-value="ELEMENT_INSTRUCTION"
        >
	    <!--
            	To add non XDoclet property mappings, create a file named
                hibernate-properties-QuestionInstructionRelationship.xml
		containing the additional properties and place it in your merge dir.
	    -->

        </subclass>
        <subclass
            name="gov.nih.nci.ncicb.cadsr.model.ModuleFormRelationship"
            dynamic-update="false"
            dynamic-insert="false"
            discriminator-value="MODULE_FORM"
        >
	    <!--
            	To add non XDoclet property mappings, create a file named
                hibernate-properties-ModuleFormRelationship.xml
		containing the additional properties and place it in your merge dir.
	    -->

        </subclass>

    </class>

</hibernate-mapping>
