<?xml version="1.0"?>

<!DOCTYPE hibernate-mapping PUBLIC
    "-//Hibernate/Hibernate Mapping DTD 2.0//EN" 
    "http://hibernate.sourceforge.net/hibernate-mapping-2.0.dtd">

<hibernate-mapping>
    <class
        name="gov.nih.nci.ncicb.cadsr.model.Context"
        table="CONTEXTS"
        dynamic-update="false"
        dynamic-insert="false"
    >

        <id
            name="id"
            column="CONTE_IDSEQ"
            type="java.lang.String"
        >
            <generator class="native">
            </generator>
        </id>

        <component
            name="audit"
            class="gov.nih.nci.ncicb.cadsr.model.Audit"
        >
        <property
            name="creationDate"
            type="java.util.Date"
            update="true"
            insert="true"
            access="property"
            column="DATE_CREATED"
            not-null="false"
        />

        <property
            name="modifiedBy"
            type="string"
            update="true"
            insert="true"
            access="property"
            column="MODIFIED_BY"
        />

        <property
            name="createdBy"
            type="string"
            update="true"
            insert="true"
            access="property"
            column="CREATED_BY"
        />

        <property
            name="modificationDate"
            type="date"
            update="true"
            insert="true"
            access="property"
            column="DATE_MODIFIED"
            not-null="false"
        />

        </component>

        <property
            name="name"
            type="string"
            update="true"
            insert="true"
            access="property"
            column="name"
            length="30"
        />

        <!--
            To add non XDoclet property mappings, create a file named
                hibernate-properties-Context.xml
            containing the additional properties and place it in your merge dir.
        -->

    </class>

        <query name="context.findAll"><![CDATA[
            from Context as c
        ]]></query>
        <query name="context.findByName"><![CDATA[
            from Context as c where c.name = ?
        ]]></query>

</hibernate-mapping>
