<?xml version="1.0"?>

<!DOCTYPE hibernate-mapping PUBLIC
    "-//Hibernate/Hibernate Mapping DTD 2.0//EN" 
    "http://hibernate.sourceforge.net/hibernate-mapping-2.0.dtd">

<hibernate-mapping>
    <class
        name="gov.nih.nci.ncicb.cadsr.model.DataElementConcept"
        table="DATA_ELEMENT_CONCEPTS"
        dynamic-update="false"
        dynamic-insert="false"
    >

        <id
            name="id"
            column="DEC_IDSEQ"
            type="java.lang.String"
        >
            <generator class="gov.nih.nci.ncicb.cadsr.hibernate.AcIdGenerator">
            </generator>
        </id>

        <bag
            name="dataElements"
            lazy="true"
            inverse="true"
            cascade="none"
        >

              <key
                  column="DEC_IDSEQ"
              >
              </key>

              <one-to-many
                  class="gov.nih.nci.ncicb.cadsr.model.DataElement"
              />
        </bag>

        <many-to-one
            name="objectClass"
            class="gov.nih.nci.ncicb.cadsr.model.ObjectClass"
            cascade="none"
            outer-join="auto"
            update="true"
            insert="true"
            access="property"
            column="OC_IDSEQ"
            not-null="false"
        />

        <many-to-one
            name="property"
            class="gov.nih.nci.ncicb.cadsr.model.Property"
            cascade="none"
            outer-join="auto"
            update="true"
            insert="true"
            access="property"
            column="PROP_IDSEQ"
            not-null="false"
        />

        <bag
            name="relatedDECs"
            lazy="true"
            inverse="true"
            cascade="none"
        >

              <key
                  column="P_DEC_IDSEQ"
              >
              </key>

              <one-to-many
                  class="gov.nih.nci.ncicb.cadsr.model.DataElementConceptRelationship"
              />
        </bag>

        <property
            name="preferredName"
            type="java.lang.String"
            update="true"
            insert="true"
            access="property"
            column="PREFERRED_NAME"
            length="30"
        />

        <property
            name="longName"
            type="java.lang.String"
            update="true"
            insert="true"
            access="property"
            column="LONG_NAME"
            length="255"
        />

        <property
            name="version"
            type="java.lang.Float"
            update="true"
            insert="true"
            access="property"
            column="VERSION"
        />

        <property
            name="preferredDefinition"
            type="java.lang.String"
            update="true"
            insert="true"
            access="property"
            column="PREFERRED_DEFINITION"
        />

        <many-to-one
            name="context"
            class="gov.nih.nci.ncicb.cadsr.model.Context"
            cascade="none"
            outer-join="auto"
            update="true"
            insert="true"
            access="property"
            column="CONTE_IDSEQ"
        />

        <property
            name="workflowStatus"
            type="java.lang.String"
            update="true"
            insert="true"
            access="property"
            column="ASL_NAME"
            length="20"
        />

        <component
            name="audit"
            class="gov.nih.nci.ncicb.cadsr.model.Audit"
        >
        <property
            name="creationDate"
            type="java.util.Date"
            update="true"
            insert="true"
            access="property"
            column="DATE_CREATED"
            not-null="false"
        />

        <property
            name="modifiedBy"
            type="string"
            update="true"
            insert="true"
            access="property"
            column="MODIFIED_BY"
        />

        <property
            name="createdBy"
            type="string"
            update="true"
            insert="true"
            access="property"
            column="CREATED_BY"
        />

        <property
            name="modificationDate"
            type="date"
            update="true"
            insert="true"
            access="property"
            column="DATE_MODIFIED"
            not-null="false"
        />

        </component>

        <component
            name="lifecycle"
            class="gov.nih.nci.ncicb.cadsr.model.Lifecycle"
        >
        <property
            name="endDate"
            type="date"
            update="true"
            insert="true"
            access="property"
            column="END_DATE"
            not-null="false"
        />

        <property
            name="beginDate"
            type="date"
            update="true"
            insert="true"
            access="property"
            column="BEGIN_DATE"
            not-null="false"
        />

        </component>

        <property
            name="changeNote"
            type="java.lang.String"
            update="true"
            insert="true"
            access="property"
            column="CHANGE_NOTE"
            length="2000"
        />

        <property
            name="origin"
            type="java.lang.String"
            update="true"
            insert="true"
            access="property"
            column="ORIGIN"
            length="240"
        />

        <bag
            name="designations"
            lazy="true"
            inverse="true"
            cascade="none"
        >

              <key
                  column="PV_IDSEQ"
              >
              </key>

              <one-to-many
                  class="gov.nih.nci.ncicb.cadsr.model.Designation"
              />
        </bag>

        <bag
            name="acCsCsis"
            lazy="true"
            inverse="true"
            cascade="none"
        >

              <key
                  column="AC_IDSEQ"
              >
              </key>

              <one-to-many
                  class="gov.nih.nci.ncicb.cadsr.model.AdminComponentClassSchemeClassSchemeItem"
              />
        </bag>

        <property
            name="latestVersionIndicator"
            type="java.lang.String"
            update="true"
            insert="true"
            access="property"
            column="LATEST_VERSION_IND"
            length="3"
        />

        <property
            name="deletedIndicator"
            type="java.lang.String"
            update="true"
            insert="true"
            access="property"
            column="DELETED_IND"
            length="3"
        />

        <!--
            To add non XDoclet property mappings, create a file named
                hibernate-properties-DataElementConcept.xml
            containing the additional properties and place it in your merge dir.
        -->

    </class>

        <query name="dec.findByPK"><![CDATA[
            from DataElementConcept as dec where dec.id = ?
        ]]></query>

</hibernate-mapping>
