<?xml version="1.0"?> <!DOCTYPE hibernate-mapping PUBLIC
	"-//Hibernate/Hibernate Mapping DTD 2.0//EN"
	"http://hibernate.sourceforge.net/hibernate-mapping-2.0.dtd">
	<hibernate-mapping
  package="gov.nih.nci.ncicb.cadsr.model">
  
  <class name="PermissibleValue" table="PERMISSIBLE_VALUES">
    <id name="pvId" column="PV_IDSEQ" type="string">
      <generator
        class="gov.nih.nci.ncicb.cadsr.hibernate.AcIdGenerator"/>
    </id>
    <property name="beginDate" column="BEGIN_DATE"/>
    <property name="endDate" column="END_DATE"/>
    <property name="creationDate" column="DATE_CREATED"/>
    <property name="modificationDate" column="DATE_MODIFIED"/>
    <property name="value" column="VALUE"/>

    <property name="lowValue" column="LOW_VALUE_NUM"/>
    <property name="highValue" column="HIGH_VALUE_NUM"/>

  </class>
		
</hibernate-mapping>


  
