<?xml version="1.0" encoding="UTF-8"?>
<!DOCTYPE beans PUBLIC "-//SPRING//DTD BEAN//EN" "http://www.springframework.org/dtd/spring-beans.dtd">

<!--
     - Application context definition for Express on Hibernate.
     -->
<beans>
  
  <!-- Datasource that works in any application server
       You could easily use J2EE data source instead if this were
       running inside of a J2EE container.
       -->
  <bean id="dataSource" class="org.apache.commons.dbcp.BasicDataSource">
    <property name="driverClassName"><value>oracle.jdbc.driver.OracleDriver</value></property>
    <property name="url"><value>jdbc:oracle:thin:@cbiodb2-d.nci.nih.gov:1521:CBTEST</value></property>
    <property name="username"><value>sbrext</value></property>
    <property name="password"><value>i1sn0w</value></property>
  </bean>

  <!-- Hibernate SessionFactory -->
  <bean id="sessionFactory" class="org.springframework.orm.hibernate.LocalSessionFactoryBean">
    <property name="dataSource"><ref local="dataSource"/></property>
    
    <!-- Must references all OR mapping files. -->
    <property name="mappingResources">
      <list>
        <value>gov/nih/nci/ncicb/cadsr/model/AdminComponentClassSchemeClassSchemeItem.hbm.xml</value>
        <value>gov/nih/nci/ncicb/cadsr/model/Context.hbm.xml</value>
        <value>gov/nih/nci/ncicb/cadsr/model/ConceptualDomain.hbm.xml</value>
        <value>gov/nih/nci/ncicb/cadsr/model/ConceptualDomainValueMeaning.hbm.xml</value>
        <value>gov/nih/nci/ncicb/cadsr/model/DataElement.hbm.xml</value>
        <value>gov/nih/nci/ncicb/cadsr/model/DataElementConcept.hbm.xml</value>
        <value>gov/nih/nci/ncicb/cadsr/model/DataElementConceptRelationship.hbm.xml</value>
        <value>gov/nih/nci/ncicb/cadsr/model/Designation.hbm.xml</value>
        <value>gov/nih/nci/ncicb/cadsr/model/PermissibleValue.hbm.xml</value>
        <value>gov/nih/nci/ncicb/cadsr/model/ValueDomain.hbm.xml</value>
        <value>gov/nih/nci/ncicb/cadsr/model/ValueDomainPermissibleValue.hbm.xml</value>
        <value>gov/nih/nci/ncicb/cadsr/model/ValueMeaning.hbm.xml</value>
        <value>gov/nih/nci/ncicb/cadsr/model/ObjectClass.hbm.xml</value>
        <value>gov/nih/nci/ncicb/cadsr/model/Property.hbm.xml</value>
        <value>gov/nih/nci/ncicb/cadsr/model/ClassificationScheme.hbm.xml</value>
        <value>gov/nih/nci/ncicb/cadsr/model/ClassificationSchemeItem.hbm.xml</value>
        <value>gov/nih/nci/ncicb/cadsr/model/ClassSchemeClassSchemeItem.hbm.xml</value>

        <value>gov/nih/nci/ncicb/cadsr/model/ContentObject.hbm.xml</value>
        <value>gov/nih/nci/ncicb/cadsr/model/ContentObjectRelationship.hbm.xml</value>

      </list>
    </property>
		
    <!-- Set the type of database; changing this one property will port this to Oracle, 
         MS SQL etc. -->
    <property name="hibernateProperties">
      <props>
        <prop key="hibernate.dialect">net.sf.hibernate.dialect.OracleDialect</prop>

        <!--
        <prop key="hibernate.show_sql">true</prop>
-->

      </props>
    </property>
  </bean>

  <bean id="adminComponentDAOTarget" class="gov.nih.nci.ncicb.cadsr.dao.spring.AdminComponentDAOImpl">
    <property name="sessionFactory"><ref local="sessionFactory"/></property>
  </bean>
	
  <bean id="contextDAOTarget" class="gov.nih.nci.ncicb.cadsr.dao.spring.ContextDAOImpl">
    <property name="sessionFactory"><ref local="sessionFactory"/></property>
  </bean>

  <bean id="valueDomainDAOTarget" class="gov.nih.nci.ncicb.cadsr.dao.spring.ValueDomainDAOImpl">
    <property name="sessionFactory"><ref local="sessionFactory"/></property>
  </bean>

  <bean id="dataElementDAOTarget" class="gov.nih.nci.ncicb.cadsr.dao.spring.DataElementDAOImpl">
    <property name="sessionFactory"><ref local="sessionFactory"/></property>
  </bean>

  <bean id="dataElementConceptDAOTarget" class="gov.nih.nci.ncicb.cadsr.dao.spring.DataElementConceptDAOImpl">
    <property name="sessionFactory"><ref local="sessionFactory"/></property>
  </bean>

  <bean id="objectClassDAOTarget" class="gov.nih.nci.ncicb.cadsr.dao.spring.ObjectClassDAOImpl">
    <property name="sessionFactory"><ref local="sessionFactory"/></property>
  </bean>

  <bean id="propertyDAOTarget" class="gov.nih.nci.ncicb.cadsr.dao.spring.PropertyDAOImpl">
    <property name="sessionFactory"><ref local="sessionFactory"/></property>
  </bean>

  <bean id="classificationSchemeDAOTarget" class="gov.nih.nci.ncicb.cadsr.dao.spring.ClassificationSchemeDAOImpl">
    <property name="sessionFactory"><ref local="sessionFactory"/></property>
  </bean>

  <bean id="contentObjectDAOTarget" class="gov.nih.nci.ncicb.cadsr.dao.spring.ContentObjectDAOImpl">
    <property name="sessionFactory"><ref local="sessionFactory"/></property>
  </bean>

  <bean id="transactionManager" class="org.springframework.orm.hibernate.HibernateTransactionManager">
    <property name="sessionFactory"><ref bean="sessionFactory"/></property>
  </bean>

  <bean id="adminComponentDAO"
    class="org.springframework.transaction.interceptor.TransactionProxyFactoryBean">
    <property name="transactionManager"><ref local="transactionManager"/></property>
    <property name="target"><ref local="adminComponentDAOTarget"/></property>
    <property name="transactionAttributes">
      <props>
        <prop key="addGroup">PROPAGATION_REQUIRED</prop>
      </props>
    </property>
  </bean>
  
  <bean id="contextDAO"
    class="org.springframework.transaction.interceptor.TransactionProxyFactoryBean">
    <property name="transactionManager"><ref local="transactionManager"/></property>
    <property name="target"><ref local="contextDAOTarget"/></property>
    <property name="transactionAttributes">
      <props>
        <prop key="addGroup">PROPAGATION_REQUIRED</prop>
      </props>
    </property>
  </bean>


  <bean id="valueDomainDAO"
    class="org.springframework.transaction.interceptor.TransactionProxyFactoryBean">
    <property name="transactionManager"><ref local="transactionManager"/></property>
    <property name="target"><ref local="valueDomainDAOTarget"/></property>
    <property name="transactionAttributes">
      <props>
        <prop key="addGroup">PROPAGATION_REQUIRED</prop>
      </props>
    </property>
  </bean>

  <bean id="dataElementDAO"
    class="org.springframework.transaction.interceptor.TransactionProxyFactoryBean">
    <property name="transactionManager"><ref local="transactionManager"/></property>
    <property name="target"><ref local="dataElementDAOTarget"/></property>
    <property name="transactionAttributes">
      <props>
        <prop key="addGroup">PROPAGATION_REQUIRED</prop>
      </props>
    </property>
  </bean>

  <bean id="dataElementConceptDAO"
    class="org.springframework.transaction.interceptor.TransactionProxyFactoryBean">
    <property name="transactionManager"><ref local="transactionManager"/></property>
    <property name="target"><ref local="dataElementConceptDAOTarget"/></property>
    <property name="transactionAttributes">
      <props>
        <prop key="addGroup">PROPAGATION_REQUIRED</prop>
      </props>
    </property>
  </bean>

  <bean id="objectClassDAO"
    class="org.springframework.transaction.interceptor.TransactionProxyFactoryBean">
    <property name="transactionManager"><ref local="transactionManager"/></property>
    <property name="target"><ref local="objectClassDAOTarget"/></property>
    <property name="transactionAttributes">
      <props>
        <prop key="addGroup">PROPAGATION_REQUIRED</prop>
      </props>
    </property>
  </bean>

  <bean id="propertyDAO"
    class="org.springframework.transaction.interceptor.TransactionProxyFactoryBean">
    <property name="transactionManager"><ref local="transactionManager"/></property>
    <property name="target"><ref local="propertyDAOTarget"/></property>
    <property name="transactionAttributes">
      <props>
        <prop key="addGroup">PROPAGATION_REQUIRED</prop>
      </props>
    </property>
  </bean>

  <bean id="classificationSchemeDAO"
    class="org.springframework.transaction.interceptor.TransactionProxyFactoryBean">
    <property name="transactionManager"><ref local="transactionManager"/></property>
    <property name="target"><ref local="classificationSchemeDAOTarget"/></property>
    <property name="transactionAttributes">
      <props>
        <prop key="addGroup">PROPAGATION_REQUIRED</prop>
      </props>
    </property>
  </bean>

  <bean id="contentObjectDAO"
    class="org.springframework.transaction.interceptor.TransactionProxyFactoryBean">
    <property name="transactionManager"><ref local="transactionManager"/></property>
    <property name="target"><ref local="contentObjectDAOTarget"/></property>
    <property name="transactionAttributes">
      <props>
        <prop key="addGroup">PROPAGATION_REQUIRED</prop>
      </props>
    </property>
  </bean>
  
	
</beans>
